node_id,node_type,name,taxonomy,confidence,probability,severity_num,project_id
action::100::the pmu will be responsible fo,Action,"The PMU will be responsible for contracting independent consultants to conduct the mid - term and end-of-project evaluations, including updated surveys of socioeconomic conditions and fisheries and ag",Mitigation,0.55,0.25,0.33,P_021
action::101::the mid -term evaluation will,Action,"The mid-term evaluation will assess the operational aspects of the project, namely progress in the completion of activities and the achievement of the PDO.",Mitigation,0.55,0.25,0.33,P_021
action::102::the mid -term evaluation will,Action,"The mid -term evaluation will also include recommendations for corrective measures, if needed, for project implementation to remain on track.",Mitigation,0.55,0.25,0.33,P_021
action::103::the end-of-project evaluation,Action,"The end-of-project evaluation will have the same scope as the mid-term review but will focus particularly on project outcomes and results at the local, regional, and national level.",Mitigation,0.55,0.25,0.33,P_021
action::104::the end -of-project evaluation,Action,"The end -of- project evaluation will also provide recommendations in terms of M&E and replication of be st practices, especially for the sustainable management of coastal resources and the preservatio",Mitigation,0.55,0.25,0.33,P_021
"action::105::specifically, the project is d",Action,"Specifically, the Project is designed to integrate and coordinate the actions of various government agencies w",Mitigation,0.55,0.25,0.33,P_021
"action::106::specifically, the project is d",Action,"Specifically, the Project is designed to integrate and coordinate the actions of various government agencies with mandates to manage different sectors in the coast.",Mitigation,0.55,0.25,0.33,P_021
action::107::this also includes piloting th,Action,"This also includes piloting the application of the draft IC ZM bill once it becomes law, and direct involvement of the project in the government long -term program s and strategies – National Sanitati",Mitigation,0.55,0.25,0.33,P_021
action::108::the project also promotes loca,Action,"The Project also promotes locally based development planning , which places special emphasis on local stakeholders; (c) The Project will institutionalize the ICZM approach that incorporates climate ch",Mitigation,0.55,0.25,0.33,P_021
action::109::he creation of jobs and divers,Action,"he creation of jobs and diversify the local economy because it focuses on environmentally and socially sustainable economic development and co-management of fisheries, agriculture and tourism resource",Mitigation,0.55,0.25,0.33,P_021
action::10::shoreline erosion will affect,Action,"Shoreline erosion will affect 50% and 70% of the total (coastal) area in 2050 and 2100, respectively…” (Snoussi et al., 2007).",Mitigation,0.55,0.25,0.33,P_021
action::110::it will also strengthen t he a,Action,It will also strengthen t he ability of local communities to adapt to the impacts of climate change and climate variability.,Mitigation,0.55,0.25,0.33,P_021
action::111::key risks and mitigation measu,Action,KEY RISKS AND MITIGATION MEASURES A.,Mitigation,0.55,0.25,0.33,P_021
"action::112::regarding social safeguards, n",Action,"Regarding social safeguards, no activity involving involuntary resettlement will be financed under this project.",Mitigation,0.55,0.25,0.33,P_021
action::113::any activity involving land wi,Action,Any activity involving lands will only be carried out on public lands from which resettlement is not required or on private lands where voluntary participation of the landholder is documented in writi,Mitigation,0.55,0.25,0.33,P_021
action::114::the project will not involve i,Action,The project will not involve involuntary land taking resulting in relocation or loss of shelter; loss of assets or access to assets; or loss of income sources or means of livelihood (whether or not th,Mitigation,0.55,0.25,0.33,P_021
action::115::identified risks are manageabl,Action,Identified risks are manageable and mitigation measures have been planned.,Mitigation,0.55,0.25,0.33,P_021
action::116::the us$5.18 million gef grant,Action,The US$5.18 million GEF grant will strengthen the capacity of relevant stak eholders to incorporate ICZM methodology and climate change adaptation in to local development planning in the eastern Medit,Mitigation,0.55,0.25,0.33,P_021
action::117::while about 80 percent of the,Action,While about 80 percent of the grant will be used to test win-win approaches to improve,Mitigation,0.55,0.25,0.33,P_021
action::118::while about 80 percent of the,Action,While about 80 percent of the grant will be used to test win-win approaches to improve the quality of life of coastal communities through environmentally and socially sustainable use of natural resour,Mitigation,0.55,0.25,0.33,P_021
action::119::identification of these is bas,Action,"Identification of these is based on : i) national priority needs a nd on- going and previous work undertaken by the Government of Morocco and its donors , including the draft ICZM bill and the coastal",Mitigation,0.55,0.25,0.33,P_021
action::11::this prediction is supported b,Action,"This prediction is supported by a recent World Bank study on the adaptation of fisheries to 1 Projet SMAP III Plan d’Action pour la cote de Nador (Février 2009, page 11).",Mitigation,0.55,0.25,0.33,P_021
"action::120::however, the project takes a p",Action,"However, the Project takes a precautionar y approach and requires preliminary studies before actual field trials are allowed to begin; (c) Agriculture and diversification through environmentally and s",Mitigation,0.55,0.25,0.33,P_021
action::121::the main responsibilities will,Action,"The main responsibilities will include Project budgeting, treasury, general accounting and reporting.",Mitigation,0.55,0.25,0.33,P_021
action::122::disbursement will be handled t,Action,Disbursement will be handled through the M EF following established procedures.,Mitigation,0.55,0.25,0.33,P_021
action::123::interim unaudited financial re,Action,"Interim unaudited financial report, which will cover all the activities and sources of funds of the project, will be prepared biannually by the DE and transmitted to the World Bank 45 days after the e",Mitigation,0.55,0.25,0.33,P_021
action::124::the de will ensure that interi,Action,"The DE will ensure that interim unaudited financial reports for the Project are prepared and furnished to the World Bank no later than forty five (45) days after the end of each cale ndar semester, co",Mitigation,0.55,0.25,0.33,P_021
action::125::financial flow of funds will c,Action,Financial flow of funds will come from the grant funds of the Bank.,Mitigation,0.55,0.25,0.33,P_021
action::126::f inancial f lows between the,Action,F inancial f lows between the World Bank and the DE will be organized according to the disbursement procedures of the Bank.,Mitigation,0.55,0.25,0.33,P_021
action::127::the department of the environm,Action,The Department of the Environment (DE) will be in charge of the Project procurement.,Mitigation,0.55,0.25,0.33,P_021
action::128::a dedicated pmu will be set up,Action,A dedicated PMU will be set up for the implementation of the Project.,Mitigation,0.55,0.25,0.33,P_021
action::129::22 the relevant sub -units and,Action,"22 The relevant sub -units and entities under the Ministry of Agriculture and Maritime Fisheries, HCWFFAD and MT will be involved in the project.",Mitigation,0.55,0.25,0.33,P_021
"action::12::4 the development of new, and",Action,"4 The development of new, and maintenance of e xisting urban and rural infrastructures, identification of long term sustainable land uses, and sit ting of tourist infrastructures all must recognize th",Mitigation,0.55,0.25,0.33,P_021
"action::130::at the decentralized level, th",Action,"At the decentralized level, the provincial directorate of the DE will also be involved in implementation of the Project , in relation with local communities and beneficiaries.",Mitigation,0.55,0.25,0.33,P_021
action::131::to help better mitigate the ri,Action,"To help better mitigate the risk and facilitate project implementation , the following measures are recommended: (i) organization of training workshop (s) for DE and staff f rom all other entities inv",Mitigation,0.55,0.25,0.33,P_021
action::132::op/bp 4.12 on involuntary rese,Action,OP/BP 4.12 on Involuntary Resettlement will not be triggered by the project as activities involving involuntary resettlement will not be financed under this project.,Mitigation,0.55,0.25,0.33,P_021
action::133::th e esia identifies the impac,Action,Th e ESIA identifies the impacts and mitigation measures related to social impacts.,Mitigation,0.55,0.25,0.33,P_021
action::134::a public consultation plan wil,Action,"A public consultation plan will have to be devised at the early stages of implementation , in line with the World Bank requirements on consultations and to make sure that all involved stakeholders are",Mitigation,0.55,0.25,0.33,P_021
"action::135::in addition, the feasibility s",Action,"In addition, the feasibility studies that are required will further assess the risks related to this issue and provide specific measures to mitigate any negative social impacts.",Mitigation,0.55,0.25,0.33,P_021
action::136::social and environmental impac,Action,Social and environmental impact assessments sections will also be included in the feasibility studies for the deployment of the artificial reef and two aquaculture facilities.,Mitigation,0.55,0.25,0.33,P_021
action::137::special attention will be give,Action,Special attention will be given to the fact that the fisherm en and their newly formed cooperative will have to manage the reef and related fishing activities to ensure their livelihood.,Mitigation,0.55,0.25,0.33,P_021
action::138::and their newly formed coopera,Action,and their newly formed cooperative will have to manage the reef and related fishing activities to ensure their livelihood.,Mitigation,0.55,0.25,0.33,P_021
action::139::the project will involve a ser,Action,The project will involve a series of revenue-generating activities under component 2.3 that will specially address the needs of vulnerable groups.,Mitigation,0.55,0.25,0.33,P_021
action::13::the project will contribute to,Action,The Project will contribute to the Trans -boundary Action Plan and the Strategic Action Programs within the Sustainable MED program by strengthening the resilience of coastal communities to the impact,Mitigation,0.55,0.25,0.33,P_021
"action::140::for example, it will promote a",Action,"For example, it will promote apiculture activities by supplying local women with full hives, training them in modern beekeeping and marketing techniques and teaching them how to organize within associ",Mitigation,0.55,0.25,0.33,P_021
action::141::the project will also target i,Action,"The Project will also target its activities to vulnerable groups (such as poor people, women, elderly, and children) in its subcomponent on restoration of degraded soils through planting of fruit tree",Mitigation,0.55,0.25,0.33,P_021
action::142::the trainings developed under,Action,"The trainings developed under the Component 1 will also focus on raising awareness on how climate change might impact coastal zones, particularly on potential loss of agricultural land, threats to hum",Mitigation,0.55,0.45,0.33,P_021
action::143::the department of the environm,Action,The Department of the Environment (DE) will be responsible for the implementation and monitoring of environmental and social safeguards aspects of th e Project.,Mitigation,0.55,0.25,0.33,P_021
action::144::because the de does not have p,Action,"Because the DE does not have prior experience with the World Bank social and environmental standards or consultation and disclosure requirements, some reinforcement of capacity will be required.",Mitigation,0.55,0.25,0.33,P_021
action::145::erience with the world bank so,Action,"erience with the World Bank social and environmental standards or consultation and disclosure requirements, some reinforcement of capa city will be required.",Mitigation,0.55,0.25,0.33,P_021
action::146::to compensate for implementati,Action,"To compensate for implementation capacity risk, the Grant will finance a portion of the cost of a Program Coordinator, a consultant and member of the PMU among whose responsibilities will be the imple",Mitigation,0.55,0.25,0.33,P_021
"action::147::in addition, the grant will fi",Action,"In addition, the Grant will finance a member of the PMU, whose responsibility will encompass implementing the M&E system for the project, including such aspects of M&E pertaining to safeguards and the",Mitigation,0.55,0.25,0.33,P_021
action::148::a public consultation plan wil,Action,A public consultation plan will have to be devised as part of the implementation to make sure that all involved stakeholders are consulted and vulnerable groups are given fair access to express their ,Mitigation,0.55,0.25,0.33,P_021
action::149::this plan will be made availab,Action,This plan will be made available to the Bank no later than six months after the Effective Date of the Project.,Mitigation,0.55,0.25,0.33,P_021
action::14::the project will focus on the,Action,"The project will focus on the Mediterranean coast to ""enhance and accelerate the implementation of trans -boundary pollution reduction, improved water resources management, and biodiversity conservati",Mitigation,0.55,0.25,0.33,P_021
action::150::the site -specific esia and si,Action,The Site -Specific ESIA and Site -Specific ESMPs required for the activities under Component 2.2 will be prepared using the same methodology as the Project ESIA and ESMP.,Mitigation,0.55,0.25,0.33,P_021
action::151::these site - specific esia/esm,Action,These Site - Specific ESIA/ESMPs will: 47 (a) Take into account all a pplicable environmental and social safeguard policies of the World Bank; (b) Ensure that the activity in question will not cause i,Mitigation,0.55,0.25,0.33,P_021
action::152::to account all applicable envi,Action,to account all applicable environmental and social safeguard policies of the World Bank; 24 (b) Ensure that the activity i n question will not cause involuntary displacement of persons or any new rest,Mitigation,0.55,0.25,0.33,P_021
action::153::the objective of the esia is t,Action,"The objective of the ESIA is to assess the expected positive and negative impacts that the project will have on environment and on society in the affected areas, and to propose an environmental and so",Mitigation,0.55,0.75,0.33,P_021
action::154::its results reveal that many o,Action,"Its results reveal that many of the expected environmental impacts will be positive, as described above, and that t",Mitigation,0.55,0.75,0.33,P_021
action::155::its results reveal that many o,Action,"Its results reveal that many of the expected environmental impacts will be positive, as described above, and that the project wi ll not create significant or irreversible negative impacts on the envir",Mitigation,0.65,0.75,1.0,P_021
action::156::as part of the project’s activ,Action,"As part of the project’s activities, feasibility studies will be conducted for the eventual establishment of one artificial reef, one seaweed farming facility, and one aquaculture (shell fish farming)",Mitigation,0.55,0.25,0.33,P_021
action::157::these feasibility studies will,Action,"These feasibility studies will contain environmental assessments in accordance with applicable Moroccan law, but will also be required to comply with the requirements of the ICZM project’s ESIA/ESMP.",Mitigation,0.55,0.25,0.33,P_021
action::158::the esmp (chapter 6 of the esi,Action,The ESMP (Chapter 6 of the ESIA) will be incorporated into the Project O perations Manual and will guide the day-to-day implementation of the project.,Mitigation,0.55,0.25,0.33,P_021
action::159::the department of the environm,Action,"The Department of the Environment (DE) within the Ministry of Energy, Min es, Water and the Environment (MEMWE) will be responsible with implementing and monitoring compliance of both environmental an",Mitigation,0.55,0.25,0.33,P_021
action::15::implementation of trans -bound,Action,"implementation of trans -boundary pollution reduction, improved water resources management, and biodiversity conservation measures in priority hotspots and sensitive areas of selected countries of the",Mitigation,0.55,0.25,0.33,P_021
action::160::op/bp 4.04 on natural habitats,Action,"OP/BP 4.04 on Natural Habitats is also triggered, due to the fact that work will be undertaken to enhance biodiversity protection and co -management regimes that will include at least one Ramsar wetla",Mitigation,0.55,0.25,0.33,P_021
"action::161::however, the activities in que",Action,"However, the activities in question are designed to conserve these ecosystems, and no significant conversion or degradation of critical natural habitats will occur , quite the contrary.",Mitigation,0.65,0.25,1.0,P_021
action::162::as noted in the preceding sect,Action,"As noted in the preceding section, all Site -Specific ESIAs and Site -Specific ESMPs prepared for Project activities under Component 2.2 will be required to take all environmental (and social) safegua",Mitigation,0.55,0.25,0.33,P_021
action::163::no other safeguard policies ar,Action,"No other safeguard policies are expected to be triggered by the project, considering also that Morocco has adequate environmental le gislation, institutional capacity, and mechanisms to deal with envi",Mitigation,0.55,0.75,0.33,P_021
action::164::pdo level results indicators*,Action,PDO Level Results Indicators* Core Unit of Measure Baseline Cumulative Target Values** Frequency Data Source/ Methodology Responsibility for Data Collection Description (indicator definition etc.) Yr ,Mitigation,0.55,0.25,0.33,P_021
action::165::(c) training of trainers in ic,Action,"(c) Training of trainers in ICZM principles Number of educators trained 0 10 30 50 70 90 Semester reports, Mid-term review Reports by PMU PMU Training of trainers is based on the use of materials deve",Mitigation,0.55,0.25,0.33,P_021
action::166::(a) restoration of degraded ar,Action,"(a) Restoration of degraded areas through soil and water conservation (SWC) measures Number of hectares receiving SWC measures 0 0 50 150 400 500 Semester reports, Mid-term review ADA ADA 2.3.",Mitigation,0.55,0.25,0.33,P_021
action::167::this component will align with,Action,This component will align with the strategic ICZM bill currently under review by Parliament.,Mitigation,0.55,0.25,0.33,P_021
action::168::this component will finance co,Action,"This component will finance consultant services, training and workshops, non-consultant services, works, and goods to be used in support of the following activities: (a) Promoting awareness of , and b",Mitigation,0.55,0.25,0.33,P_021
action::169::since iczm and associated spat,Action,"Since ICZM and associated spatial planning is a locally based activity, the main audience will include members of the three provincial Specific Permanent Coastal Commissions.",Mitigation,0.55,0.25,0.33,P_021
action::16::this program includes actions,Action,"This program includes actions to support integrated coastal zone management policies and planning, in particular: i) the Development Program for the Nador Lagoon, includin g conservation of its unique",Mitigation,0.55,0.25,0.33,P_021
action::170::this community outreach will i,Action,"This community outreach will include workshops including launching and closing events, communications materials, the press, and training for trainers in primary and secondary education (teachers of ch",Mitigation,0.55,0.25,0.33,P_021
action::171::coa stal communes will first u,Action,Coa stal communes will first undertake village -level ICZM resource planning.,Mitigation,0.55,0.25,0.33,P_021
action::172::the project will finance the p,Action,"The Project will finance the provision of technical assistance to the involved communities preparing village -level resource allocation strategies under ICZM, and provincial governments to familiarize",Mitigation,0.55,0.25,0.33,P_021
action::173::(c) piloting spatial developme,Action,"(c) Piloting spatial development planning method in one of the six communes targeted in (b) above, where local residents and communal officials will work together in a two- step process to identify th",Mitigation,0.55,0.25,0.33,P_021
action::174::the first 31 step is to assess,Action,"The first 31 step is to assess land and near shore capability ,17 which will provide sou nd guidance to local residents and communal officials on what is possible.",Mitigation,0.55,0.45,0.33,P_021
action::175::the output of land capability,Action,"The output of land capability studi es will be overlays on a 1:50,000 (or better) topographic map in a computer-based Geographical Information System (GIS).",Mitigation,0.55,0.25,0.33,P_021
action::176::workshops and technical assist,Action,Workshops and technical assistance specific to spatial development planning will be financed.,Mitigation,0.55,0.25,0.33,P_021
action::177::communal deve lopment plans wi,Action,Communal deve lopment plans will be prepared and/or revised in a manner that incorporates the principles of ICZM and climate change adaptation.,Mitigation,0.55,0.25,0.33,P_021
action::178::public education material will,Action,Public education material will be prepared and distributed for use in the project area (e.g.,Mitigation,0.55,0.25,0.33,P_021
"action::179::this component, through its fo",Action,"This component, through its four sub-components, will finance consultant services, works, small works, goods, training and non-consultant services to support: (a) Sub-component 2.1: Improved conservat",Mitigation,0.55,0.25,0.33,P_021
action::17::some of these outcomes could d,Action,"Some of these outcomes could directly serve the purpose of this project, particularly the ICZM action plans that were developed for each of the four selected project sites in Nador, Driouch, and Berka",Mitigation,0.55,0.45,0.33,P_021
action::180::this sub -component will be im,Action,This sub -component will be implemented by project partners MT.,Mitigation,0.55,0.25,0.33,P_021
action::181::this will be carried out by 1),Action,"This will be carried out by 1) fixation and restoration of coastal dunes through the fixation of an area of 20 ha,",Mitigation,0.55,0.25,0.33,P_021
action::182::this will be carried out by 1),Action,"This will be carried out by 1) fixation and restoration of coastal dunes through the fixation of an area of 20 ha, 2) a hydrological study of the SBEI and the installation of water pipes to re-establi",Mitigation,0.55,0.25,0.33,P_021
action::183::this activity will include the,Action,This activity will include the preparation and development of public awareness campaign action plan for the conservation of the Moulouya SBEI through direct consultation and cooperation with the local,Mitigation,0.55,0.25,0.33,P_021
action::184::expected results: outputs incl,Action,"Expected results: Outputs include f ormulation of a public awareness campaign action plan for the conservation of the Moulouya SBEI, fixation of 20 ha of coastal dunes, and restoration of proper drain",Mitigation,0.55,0.75,0.33,P_021
action::185::government will finance in par,Action,"Government will finance in parallel with the project, activities complementary to the investments described above.",Mitigation,0.55,0.25,0.33,P_021
action::186::these will include reforestati,Action,"These will include reforestation activities at the Moulouya SBEI and restoration of walking trails, lookouts and signage at Moulouya.",Mitigation,0.55,0.25,0.33,P_021
action::187::feasibility study will also in,Action,Feasibility study will also include exploring partnerships between the cooperative and the private sector.,Mitigation,0.55,0.25,0.33,P_021
action::188::this activity will focus on th,Action,This activity will focus on the feasibility of mussel and o yster farming in the EMC and investigation of partnerships between the cooperative and the private sector.,Mitigation,0.55,0.25,0.33,P_021
"action::189::in parallel, government will f",Action,"In parallel, government will finance with its own resources activities complementary to the investments described above, including construction of small-scale artisanal fishing facilities and infrastr",Mitigation,0.55,0.25,0.33,P_021
action::18::the objective of the nsp is to,Action,"The objective of the NSP is to increase the rate of urban sanitation access from 70% to 80%, and pollution mitigation to 60%, including waste - water treatment and waste -water reuse by 2020.",Mitigation,0.55,0.25,0.33,P_021
action::190::this sub-component will be imp,Action,This sub-component will be impl,Mitigation,0.55,0.25,0.33,P_021
action::191::this sub-component will be imp,Action,This sub-component will be implemented by project partners ADA and by DE.,Mitigation,0.55,0.25,0.33,P_021
action::192::the planned activities include,Action,The planned activities concern: (a) soil and water conservation measures (e.g.,Mitigation,0.55,0.25,0.33,P_021
action::193::technical assistance will also,Action,Technical assistance will also include investigation of p artnerships between the cooperatives and the private sector.,Mitigation,0.55,0.25,0.33,P_021
"action::194::in parallel, the government wi",Action,"In parallel, the government will finance with its own resources activities under the NSP projects that are located in areas where agriculture is",Mitigation,0.55,0.25,0.33,P_021
"action::195::in parallel, the government wi",Action,"In parallel, the government will finance with its own resources activities under the NSP projects that are located in areas where agriculture is the dominant activity and include two waste-water treat",Mitigation,0.55,0.25,0.33,P_021
"action::196::in parallel, the government wi",Action,"In parallel, the government will finance with its own resources activities under the NSP projects that are located in areas where tourism is an important sector , and include one network of sanitation",Mitigation,0.55,0.25,0.33,P_021
action::197::this component will finance co,Action,"This component will finance consultant services, goods, training, non -consultant services and incremental operating costs needed for (a) The operations of the PMU; and (b) Project monitoring and eval",Mitigation,0.55,0.25,0.33,P_021
action::198::it will also cover the cost of,Action,It will also cover the cost of establishing and operating an M&E system for the project.,Mitigation,0.55,0.25,0.33,P_021
action::199::as management will mainly comp,Action,"As management will mainly comprise public servants and be implemented through existing institutions, the project management structure will provide a working example of how long -term integrated coasta",Mitigation,0.55,0.25,0.33,P_021
"action::19::as such, the nsp will upgrade",Action,"As such, the NSP will upgrade and expand waste -water collection and waste water treatment systems in the cities and towns in the Project area along the Mediterranean coast.",Mitigation,0.55,0.25,0.33,P_021
action::1::document of the world bank for,Action,Document of The World Bank FOR OFFICIAL USE ONLY Report No: 66413-MA PROJECT APPRAISAL DOCUMENT ON A PROPOSED GRANT FROM THE GLOBAL ENVIRONMENT FACILITY IN THE AMOUNT OF US$ 5.18 MILLION TO THE KINGDO,Mitigation,0.55,0.45,0.33,P_021
action::200::even though the geographical s,Action,"Even though the geographical scope of the project is essentially limited to the eastern part of the Mediterranean coast, national Moroccan institutions will be involved in the implementation of the pr",Mitigation,0.55,0.25,0.33,P_021
action::201::the proje ct implementation wi,Action,The Proje ct implementation will require collaboration between institutio,Mitigation,0.55,0.25,0.33,P_021
action::202::membership to the tcc will be,Action,"Membership to the TCC will be as follows: MEMWE (Chair, delegated to DE), MAGG, MEF, HCWFFAD, MAMF, MT , NANA, and ADA.",Mitigation,0.55,0.25,0.33,P_021
action::203::the pmu will have both the res,Action,"The PMU will have both the responsibility for day -to-day implementation of the project and overall coordination for project implementation, with support, guidance and feedback 18 The partner entities",Mitigation,0.55,0.25,0.33,P_021
action::204::it will be responsible for day,Action,"It will be responsible for day -to-day project management and implementation, including the carrying out of all selected community investments and subprojects.",Mitigation,0.55,0.25,0.33,P_021
action::205::the project manager will overs,Action,The Project Manager will oversee project implementat,Mitigation,0.55,0.25,0.33,P_021
"action::206::r, who would be a senior profe",Action,"r, who would be a senior professional civil servant of the MEMWE (DE), and he will be assisted by a Project Coordinator (full -time consultant).",Mitigation,0.55,0.25,0.33,P_021
action::207::the project coordinator will b,Action,"The Project Coordinator will be a technical expert in ICZM with the competence of project management who will support the Project Director throughout project implementation, and will be responsible fo",Mitigation,0.55,0.25,0.33,P_021
action::208::the regional project manager w,Action,The Regional Project Manager will be ass isted by a Regional Project Coordinator (full -time consultant).,Mitigation,0.55,0.25,0.33,P_021
action::209::staff of other ministries may,Action,"taff of other ministries may not be seconded to the PMU directly, but will be close partners of the PMU and daily points of contact for coordination of work.",Mitigation,0.55,0.45,0.33,P_021
action::20::the iczm project will increase,Action,"The ICZM project will increase awareness and strengthen capacity building in the local governments and communities of the coast to systematically address needed waste -water mana gement, reuse and pol",Mitigation,0.55,0.25,0.33,P_021
action::210::dmf will benefit from support,Action,DMF will benefit from support of t he National Aquaculture Development Agency (NADA); (c) The Agricultural Development Agency (ADA) through the RDA for subcomponent 2.3; and (d) The Ministry of Touris,Mitigation,0.55,0.25,0.33,P_021
action::211::other partner entities include,Action,Other partner entities include also: (a) The Specific Permanent Coastal Commission of each of the provinces covered by the the Project will organize regular meetings and discharge their mandate as the,Mitigation,0.55,0.45,0.33,P_021
action::212::the proposed project would be,Action,The proposed project would be implemented according to detailed procedures defined in the Operations Manual.,Mitigation,0.55,0.25,0.33,P_021
action::213::risk mitigation measures 16.,Action,Risk Mitigation measures 16.,Mitigation,0.55,0.25,0.33,P_021
action::214::intensive training and assista,Action,Intensive training and assistance will be provided to the project staff by the World Bank Project Task Team.,Mitigation,0.55,0.25,0.33,P_021
action::215::the project will prepare the p,Action,"The project will prepare the Project Operations M anual, which should include financial management, and submit it to the Bank for approval.",Mitigation,0.55,0.25,0.33,P_021
action::216::the implementation conventions,Action,The Implementation Conventions between the MEMWE (DE) and the other parties involved in the project will be drafted and submitted for Bank approval.,Mitigation,0.55,0.25,0.33,P_021
action::217::these conventions will specify,Action,These Conventions will specify the relationship between the MEMWE (DE) and the other involved parties.,Mitigation,0.55,0.25,0.33,P_021
action::218::the grant will be received by,Action,The grant will be received by the Government of Morocco for the project.,Mitigation,0.55,0.25,0.33,P_021
"action::219::in this case, the memwe (de) w",Action,"In this case, the MEMWE (DE) will include the amount of the grant in its budget and submit it to the MEF through “la Lo i de Finance” or through “les fonds de concours” for approval.",Mitigation,0.55,0.25,0.33,P_021
action::21::the iczm project will incorpor,Action,The ICZM project will incorporate the ICZM planning approach into the,Mitigation,0.55,0.25,0.33,P_021
action::220::the pmu will manage day-to-day,Action,The PMU will manage day-to-day implementation of the Project.,Mitigation,0.55,0.25,0.33,P_021
action::221::the pmu will be housed in the,Action,The PMU will be housed in the MEMWE (DE) and compo sed of no less than seven persons of its own staff who will be assign,Mitigation,0.55,0.25,0.33,P_021
action::222::the pmu will be housed in the,Action,The PMU will be housed in the MEMWE (DE) and compo sed of no less than seven persons of its own staff who will be assigned for a share of their time to the Project while keeping working on other activ,Mitigation,0.55,0.25,0.33,P_021
action::223::the procurement and financial,Action,The procurement and financial management of the project will be managed by two qualified and experienced staff (The head of the budget department and his assistant).,Mitigation,0.55,0.25,0.33,P_021
action::224::the pmu staff does not have kn,Action,"The PMU staff does not have knowledge of the World Bank procedures, thus the PMU will receive intensive training and assistance from the World Bank Project Task Team.",Mitigation,0.55,0.25,0.33,P_021
action::225::the overall principles for pro,Action,The overall principles for Project accounting are outlined below: (a) Books of accounts for the Project will be maintained on cash ba sis principles.,Mitigation,0.55,0.25,0.33,P_021
action::226::maintaining the reporting fina,Action,Maintaining the reporting financial system to reflect all the transaction flow of funds and issuing of the Interim unaudited financial report (IUFR) each semester will complete this system ; and (b) P,Mitigation,0.55,0.25,0.33,P_021
action::227::this will include payments mad,Action,This will include payments made and expenditures incurred.,Mitigation,0.55,0.25,0.33,P_021
action::228::all project -related transacti,Action,All project -related transactions will be taken into account in the reporting system.,Mitigation,0.55,0.25,0.33,P_021
action::229::disbursements made will also b,Action,Disbursements made will also be included in the Project accounting system.,Mitigation,0.55,0.25,0.33,P_021
action::22::the iczm project will incorpor,Action,The ICZM project will incorporate the ICZM planning approach into the implementation of these projects and programs of NSP and heavily publicize the positive lessons o f pollution control activities i,Mitigation,0.55,0.25,0.33,P_021
action::230::interim unaudited financial re,Action,Interim unaudited financial report (IUFR) for the Project will be generated from GID ev,Mitigation,0.55,0.25,0.33,P_021
action::231::interim unaudited financial re,Action,Interim unaudited financial report (IUFR) for the Project will be generated from GID every semester if the budget submitted for this project is well presented.,Mitigation,0.55,0.25,0.33,P_021
action::232::the de needs to present the bu,Action,The DE needs to present the budget line items as follows: each budget line item relate d to the project will represent a component and each sub -line item will represent different categories.,Mitigation,0.55,0.25,0.33,P_021
"action::233::hence, it will allow the track",Action,"Hence, it will allow the tracking of the project financial information through the system.",Mitigation,0.55,0.25,0.33,P_021
action::234::the pmu will produce the iufrs,Action,The PMU will produce the IUFRs every semester and send them to the World Bank within 45 days from the end of each semester.,Mitigation,0.55,0.25,0.33,P_021
action::235::the financial reporting will i,Action,The Financial Reporting will include the following: (a) Summary of funding sources and uses of funds; 40 (b) Uses of funds by project component and by project category; (c) Cash withdrawal; and (d) Ca,Mitigation,0.55,0.25,0.33,P_021
action::236::annually: audited project fina,Action,Annually: Audited Project Financial Statements (PFS) will be submitted to the Bank.,Mitigation,0.55,0.25,0.33,P_021
action::237::pfs will include: (i) a statem,Action,"PFS will include: (i) a statement of sources and utilization of funds or Balance Sheet, indicating funds received from various sources, Project expenditures, and assets and liabilities of the Project;",Mitigation,0.55,0.25,0.33,P_021
action::238::a project operations manual wi,Action,A Project Operations Manual will be prepared and submitted to the Bank bef,Mitigation,0.55,0.25,0.33,P_021
action::239::a project operations manual wi,Action,A Project Operations Manual will be prepared and submitted to the Bank before effectiveness in order to document the control environment.,Mitigation,0.55,0.25,0.33,P_021
action::23::as project pilots demonstrate,Action,"As Project pilots demonstrate the value of linkage s between ICZM and national investments in pollution control, the NSP will be strategically placed to scale up and share good practices into other co",Mitigation,0.55,0.25,0.33,P_021
action::240::the project operations manual,Action,"The Project Operations Manual will describe, among others: control mechanisms at central and d ecentralized level, transfer and accountability mechanisms for beneficiaries 31.",Mitigation,0.55,0.25,0.33,P_021
action::241::annual project financial state,Action,Annual Project financial statements audited by auditors acceptable to the Bank will be submitted to the Bank within 6 months after the end of each Fiscal Year.,Mitigation,0.55,0.25,0.33,P_021
action::242::the audit will be comprehensiv,Action,"The audit will be comprehensive and cover all aspects of the Project (i.e., all sources and util ization of funds, and expenditures incurred).",Mitigation,0.55,0.25,0.33,P_021
action::243::the audit will be carried out,Action,The audit will be carried out in accordance with International Standards on Auditing.,Mitigation,0.55,0.25,0.33,P_021
action::244::the project team will provide,Action,"The Project team will provide the auditor with access to project related documents and records, and information required for the purposes of the audit.",Mitigation,0.55,0.25,0.33,P_021
action::245::the funds after their budgetin,Action,The funds after their budgeting in the “Loi de Finance” will be transferred to the FNE (Fond s National de l’Environnement) that is managed by the MEMWE (DE).,Mitigation,0.55,0.25,0.33,P_021
action::246::as this project involves diffe,Action,"As this project involves different parties, the Implementation Conventions will be signed in order to assign the activities to be performed by each entity.",Mitigation,0.55,0.25,0.33,P_021
action::247::all the supporting documents w,Action,All the supporting documents will be submitted to the DE for 41 payment.,Mitigation,0.55,0.25,0.33,P_021
action::248::no funds will be transferred t,Action,No funds will be transferred to other entities and the DE will be th,Mitigation,0.55,0.25,0.33,P_021
action::249::no funds will be transferred t,Action,No funds will be transferred to other entities and the DE will be the only entit y managing the funds through the FNE.,Mitigation,0.55,0.25,0.33,P_021
action::24::it also provides a technical p,Action,It also provides a technical pool of Government expertise that will be tapped during Project implementation.,Mitigation,0.55,0.25,0.33,P_021
action::250::the payment justifications sup,Action,"The payment justifications supporting documents will be sent to the Directorate of Budget (MEF) for verification, approval and submission to the Bank for reimbursement.",Mitigation,0.55,0.25,0.33,P_021
action::251::there will be no designated ac,Action,There will be no designated account opened for this project.,Mitigation,0.55,0.25,0.33,P_021
action::252::expenses will be financed on t,Action,Expenses will be financed on the government budget and then a request for reimbursement will be submitted to the Bank.,Mitigation,0.55,0.25,0.33,P_021
action::253::a supervision mission will be,Action,A supervision mission will be conducted every six months based on the risk assessment of the project.,Mitigation,0.55,0.25,0.33,P_021
action::254::the mission’s objectives will,Action,"The mission’s objectives will include: (i) ensuring that strong financial management systems are maintained for the project throughout its life ; and (ii) semi-annual review of IUFRs, review of annual",Mitigation,0.55,0.25,0.33,P_021
action::255::the proceeds of the grant woul,Action,The proceeds of the grant would be disbursed in accordance with the traditional disbursement procedures of the Bank and will be used to finance project activities th rough the disbursement procedures ,Mitigation,0.55,0.25,0.33,P_021
action::256::the minimum application size f,Action,"The minimum application size for direct payment and reimbursement will be the equivalent of US$ 50,000.",Mitigation,0.55,0.25,0.33,P_021
action::257::the bank will honor eligible e,Action,The Bank will honor eligible expenditures for services rendered and goods delivered by the Project closing date.,Mitigation,0.55,0.25,0.33,P_021
action::258::a four months' grace period wi,Action,A four months' grace period will be granted to allow for the payment of any eligible expenditure incurred before the grant closing dates.,Mitigation,0.55,0.25,0.33,P_021
action::259::necessary supporting doc ument,Action,"Necessary supporting doc uments will be sent to the Bank in connection with contract s that are above the prior review threshold, except for expenditures under contracts with an estimated value of (i)",Mitigation,0.55,0.25,0.33,P_021
action::25::this project will contribute t,Action,This project will contribute to the regional effort in addressing the issues raised in the Trans -boundary Action Plan and priorities defined in the Strategic Action Programs.,Mitigation,0.55,0.25,0.33,P_021
action::260::the documentation supporting e,Action,The documentation supporting expenditures will be retained at the DE and will be readily accessible for review by the external auditors and periods Bank supervision missions.,Mitigation,0.55,0.25,0.33,P_021
action::261::all disbursements will be subj,Action,All disbursements will be subject to the conditions of the Grant Agreements and disbursement procedures as defined in the Disbursement Letter.,Mitigation,0.55,0.25,0.33,P_021
action::262::the frequency and scope of wor,Action,The frequency and scope of World Bank supervisory missions will be adapted to the needs of the DE and will be delivered both at central and regional levels.,Mitigation,0.55,0.25,0.33,P_021
action::263::supervisory frequency will be,Action,"Supervisory frequency will be half-yearly, though this may be increased if needed.",Mitigation,0.55,0.45,0.33,P_021
action::264::procurement for the proposed p,Action,Procurement for the proposed project would be carried out in accordance with the,Mitigation,0.55,0.25,0.33,P_021
action::265::procurement for the proposed p,Action,"Procurement for the proposed project would be carried out in accordance with the “World Bank’s Procurement of Goods, Works, and Non -Consulting Services under IBRD Loans and IDA Credits & Grants By Wo",Mitigation,0.55,0.25,0.33,P_021
action::266::the procurement procedures and,Action,"The procurement procedures and Standard Bidding Documents (SBD) that will be used by the recipient will also be well defined in the Project Operations Manual, which will include specific and detailed ",Mitigation,0.55,0.25,0.33,P_021
action::267::national competitive bidding (,Action,"National Competitive Bidding (NCB) procedures adjusted as indicated below will be used for all Works contracts, and for Goods and for Non-Consulting Services contracts estimated to cost less than the ",Mitigation,0.55,0.25,0.33,P_021
action::268::to ensure broad consistency wi,Action,"To ensure broad consistency with the Procurement Guidelines, the following provisions will apply when using NCB under this project.",Mitigation,0.55,0.25,0.33,P_021
action::269::the procedures and standard bi,Action,The procedures and standard bidding documents (SBD) of the borrower adjusted to be acceptable by the Bank will be used under National Competitive Bidding (NCB).,Mitigation,0.55,0.25,0.33,P_021
action::26::the project will thus support,Action,The project will thus support the Government of Morocco as it pilots ICZM approach and coordinates with other countries in the region.,Mitigation,0.55,0.25,0.33,P_021
action::270::advertisement and procurement,Action,"Advertisement and Procurement Plan: In addition to advertising pertaining to each contract, a General Procurement Notice (GPN) will be published, in United Nations Development Business, and in at leas",Mitigation,0.55,0.25,0.33,P_021
action::271::the gpn will be published afte,Action,The GPN will be published after project is approved by the Bank and prior to the project Effectiveness.,Mitigation,0.55,0.25,0.33,P_021
action::272::the gpn will provide a descrip,Action,The GPN will provide a description of the project and information on related procurement.,Mitigation,0.55,0.25,0.33,P_021
action::273::a project procurement plan in,Action,A Project Procurement Plan in a format acceptable to the Bank will be prepared and updated at least once a year.,Mitigation,0.55,0.25,0.33,P_021
action::274::the procurement plan for the f,Action,The procurement plan for the first eighteen (18) month period will be agreed during the negotiations.,Mitigation,0.55,0.25,0.33,P_021
action::275::procurement of works: procurem,Action,"Procurement of Works: Procurement of Works comprising rehabilitation and restoration of degraded wetland ecosystems and coastal dunes, construction of an artificial reef, building of rock terraces on ",Mitigation,0.55,0.25,0.33,P_021
action::276::standard bidding documents acc,Action,Standard Bidding Documents acceptable to the World Bank will be used.,Mitigation,0.55,0.25,0.33,P_021
action::277::small works for the purpose of,Action,"Small works for the purpose of this project is less than $50,000, and shopping proc edures will be used.",Mitigation,0.55,0.25,0.33,P_021
action::278::the total amount of small work,Action,"The total amount of small works for the entire project will be within the total amount of $350,000.",Mitigation,0.55,0.25,0.33,P_021
action::279::more details will be provided,Action,More details will be provided in the project implementation manual.,Mitigation,0.55,0.25,0.33,P_021
"action::27::indeed, iczm is ide ntified as",Action,"Indeed, ICZM is ide ntified as a key component in the 2012 Med Report, issued in December 2011.8 The project will also help Morocco explore innovative methods and measures for the sustainable developm",Mitigation,0.55,0.25,0.33,P_021
action::280::procurement of goods and non -,Action,"Procurement of Goods and non -consulting Services: Procurement of Goods and Non consulting services comprising the acquisition of equipment, material and office supplies for the PMU, logistics for wor",Mitigation,0.55,0.45,0.33,P_021
action::281::bidding documents acceptable t,Action,Bidding documents acceptable to the Bank will be used.,Mitigation,0.55,0.25,0.33,P_021
action::282::the following bank methods and,Action,The following Bank methods and corresponding standard documents will be used: a) Quality & Cost Based Selection (QCBS) for all types of consultant services.,Mitigation,0.55,0.25,0.33,P_021
action::283::in addition to the prior revie,Action,"In addition to the prior review supervision to be carried out from Bank offices, it is r ecommended that two (2) supervision missions take place during a year to visit the project and to carry out pos",Mitigation,0.55,0.25,0.33,P_021
action::284::based on the risk associated w,Action,"Based on the risk associated with procurement (substantial), the following actions need to be implemented by se t date (date to be determined base on project timetable) in order to reduce risks: a.",Mitigation,0.65,0.25,1.0,P_021
action::285::th e operations manual will cl,Action,"Th e Operations Manual will clearly describe procurement procedures, responsibility sharing and docu ment flow among the parties involved in Project implementation.",Mitigation,0.55,0.25,0.33,P_021
action::286::the operations manual should c,Action,"The Operations Manual should comprise in annex, all standard bidding documents that will be u",Mitigation,0.55,0.25,0.33,P_021
action::287::the operations manual should c,Action,"The Operations Manual should comprise in annex, all standard bidding documents that will be used under the project.",Mitigation,0.55,0.25,0.33,P_021
action::288::preparation of standard biddin,Action,"Preparation of Standard Bidding Documents for NCB in accordance with the Procurement Guidelines and found acceptable by the World Bank for Works, Goods and Non -consulting Services; these documents, t",Mitigation,0.55,0.25,0.33,P_021
action::289::by focusing on small -scale pr,Action,"By focusing on small -scale projects in the targeted coastal area, the project will address independent fishermen and farmers, their families and their rural commu nities, traditionally characterized ",Mitigation,0.55,0.25,0.33,P_021
action::28::iczm implemented at local leve,Action,ICZM implemented at local level by all users of the coastal resources will leverage rural pollution reduction and increase protection of biodiversity and ecologically sensitive areas.,Mitigation,0.55,0.25,0.33,P_021
action::290::the project will help to impro,Action,"The project will help to improve the resilience of these communities to climate change and to conserve the natural resources upon which they depend, i nitiating a system of co -management that gives t",Mitigation,0.55,0.25,0.33,P_021
"action::291::in particular, component 1 of",Action,"In particular, Component 1 of the project will raise awareness among farmers, fishermen, and planners as well as vulner able groups (poor people, women, children and elderly) at the commune and provin",Mitigation,0.55,0.25,0.33,P_021
action::292::this will make coastal fishing,Action,"This will make coastal fishing and agriculture and their associated activities more resilient to climate change, the project will help to make them more sustainable in the long term.",Mitigation,0.55,0.25,0.33,P_021
action::293::op/bp 4.04 on natural habitats,Action,"OP/BP 4.04 on Natural Habitats is also triggered, due to the fact that work will be undertaken to establish co -management regimes that will include at least one Ramsar wetland site.",Mitigation,0.55,0.25,0.33,P_021
action::294::op/bp 4.12 on involuntary rese,Action,OP/BP 4.12 on Involuntary Resettlement will not be triggered by the project.,Mitigation,0.55,0.25,0.33,P_021
action::295::activities involving involunta,Action,Activities involving involuntary resettlement will not be financed under this project.,Mitigation,0.55,0.25,0.33,P_021
action::296::section 2.3 of that document s,Action,Section 2.3 of that document specifies the applicability of the analytical met hodology to the activities of the Project and that the Site -Specific ESIAs and ESMPs so prepared will become part of the,Mitigation,0.55,0.25,0.33,P_021
action::297::the esmp (chapter 6 of the esi,Action,The ESMP (Chapter 6 of the ESIA) will be incorporated into the Operations Manual and will guide the implementation of the project from day to day.,Mitigation,0.55,0.25,0.33,P_021
"action::298::for example, it will promote a",Action,"For example, it will promote apiculture activities by supplying local women with full hives, training them in modern beekeeping and marketing techniques and t",Mitigation,0.55,0.25,0.33,P_021
action::299::the trainings developed unde r,Action,"The trainings developed unde r Component 1 will also focus on raising awareness on how climate change might impact coastal zones and thus, affect its vulnerable groups (people at poverty line, women, ",Mitigation,0.55,0.45,0.33,P_021
action::29::proposed key results include:,Action,Proposed key results include: (a) Number of approved local development plans that are revised to incorporate the ICZM approach; and 8 Toward Green Growth in Mediterranean Countries: Implementing Polic,Mitigation,0.55,0.25,0.33,P_021
action::2::e l’oriental) gef global envir,Action,"e l’Oriental) GEF Global Environment Facility HCWFFAD High Commission for Water, Forestry and the Fight Against Desertification (Haut-commissariat aux Eaux et Forêts et à la Lutte contre la Désertific",Mitigation,0.55,0.25,0.33,P_021
action::300::a consultation plan will there,Action,A consultation plan will therefore be devised as part of the implementation to make sure that all involved stakeholders are consulted and v ulnerable groups are given fair access to express their poin,Mitigation,0.55,0.25,0.33,P_021
"action::301::for this reason, and at the re",Action,"For this reason, and at the request of the DE following its own internal assessment of capacity, the project will enlist the assistance of the ER SDO and NEO in monitoring safeguards performance.",Mitigation,0.55,0.25,0.33,P_021
action::302::to provide critical capacity i,Action,"To provide critical capacity in data collection, it will also be supported by the ER SDO, another entity of the DE whose mandate includes the collection and analysis of environmental data.",Mitigation,0.65,0.25,1.0,P_021
action::303::the regional de staff and/or c,Action,The regional DE staff and/or consultants will be responsible for making regular visits to the project area to moni,Mitigation,0.55,0.25,0.33,P_021
action::304::the pmu will be responsible fo,Action,The PMU will be responsible for incorporating detailed monitoring instructions in the Project Operations Manual.,Mitigation,0.55,0.25,0.33,P_021
action::305::regional pmu staff will shar e,Action,Regional PMU staff will shar e the semi -annual reports with the local cooperatives involved in co -management with the government.,Mitigation,0.55,0.25,0.33,P_021
action::306::the end-of-project evaluation,Action,The end-of-project evaluation will have the,Mitigation,0.55,0.25,0.33,P_021
action::307::terms of reference for the mid,Action,Terms of reference for the mid -term and end -of-project reviews will be agreed upon with the World Bank and included in the Project Operations Manual.,Mitigation,0.55,0.25,0.33,P_021
action::308::the mid-term and end -of-proje,Action,The mid-term and end -of-project evaluations will need to measure the progress against the PDO Level Results Indicators (see Annex 1).,Mitigation,0.55,0.25,0.33,P_021
action::309::this will be important to the,Action,This will be important to the PMU in compiling the necessary baseline data from existing studies as discussed above.,Mitigation,0.55,0.25,0.33,P_021
action::30::geographical scope : focused a,Action,Geographical scope : Focused activities will be piloted in four project sites within the Oriental Region (administrative unit) of Morocco (see Figure 1 in Annex 2).,Mitigation,0.55,0.25,0.33,P_021
action::310::baseline information will also,Action,Baseline information will also need to be collected for Intermediate Results Indicators.,Mitigation,0.55,0.25,0.33,P_021
action::311::the list of these pdo level an,Action,The list of these PDO Level and Intermediate Results Indicators will need to be included in the TORs for the mid -term and end- of-project reviews.,Mitigation,0.55,0.25,0.33,P_021
action::312::the baseline information on th,Action,"Baseline information on Intermediate Results Indicators will be established from data contained in existing studies of the relevant sectors, resources and geographical areas.",Mitigation,0.55,0.25,0.33,P_021
action::313::the pmu will recruit a consult,Action,"The PMU will recruit a consultant (firm) to prepare, under t erms of reference agreed with t",Mitigation,0.55,0.25,0.33,P_021
action::314::the pmu will recruit a consult,Action,"The PMU will recruit a consultant (firm) to prepare, under t erms of reference agreed with the World Bank, a mid -term evaluation report including a review of progress achieved in all components (resu",Mitigation,0.55,0.25,0.33,P_021
action::315::the mid -term evaluation will,Action,"The mid -term evaluation will also include a limited beneficiary assessment (project beneficiaries, partners, Government) through a rapid appraisal survey or using focus groups; and c.",Mitigation,0.55,0.25,0.33,P_021
action::316::the evaluation report will mak,Action,The evaluation report will make recommendations for further project implementation.,Mitigation,0.55,0.25,0.33,P_021
action::317::as is the case for the mid -te,Action,"As is the case for the mid -term evaluation, the PMU will recruit a consultant (firm) to prepare, under terms of reference agreed with the World Bank, an end-of-project evaluation report including: i.",Mitigation,0.55,0.25,0.33,P_021
action::318::the independent evaluator will,Action,"The independent evaluator will carry out a full beneficiary assessment of the project (by participants, partners, local , and central government) as well as an evaluation of the Bank’s performance dur",Mitigation,0.55,0.25,0.33,P_021
action::319::the evaluator will also presen,Action,"The evaluator will also present lessons learned at the technical, financial, institutional, and natural resource management level.",Mitigation,0.55,0.25,0.33,P_021
action::31::selection of the four specific,Action,"Selection of the four specific pilot areas was finalized after a series of public consultations with local stakeholders that were held to gauge their interest, and to select from a list of activities ",Mitigation,0.55,0.25,0.33,P_021
"action::320::the pmu will need to define, f",Action,"The PMU will need to define, from the project start, the communication strategy in terms of information to be provided to different partner institutions involved in project implementation.",Mitigation,0.55,0.25,0.33,P_021
action::321::the pmu will need to establish,Action,The PMU will need to establish a detailed list of all information recipients as well as their information needs.,Mitigation,0.55,0.25,0.33,P_021
action::322::risk management : given the ma,Action,"Risk Management : Given the MAGG’s mandate, it will work to help the MEMWE to oversee the project implementation.",Mitigation,0.55,0.25,0.33,P_021
action::323::to address the key gap which i,Action,"To address the key gap which is sustainable conservation and management of coastal resources, the Project is to test the ICZM method - co-management intended to link conservation and use and improve t",Mitigation,0.55,0.45,0.33,P_021
action::324::resp: government stage: implem,Action,"Resp: Government Stage: Implementation Due Date : Ongoing Status: In progress ii) The project will have the ability to adjust because of the proposed pilot and decentralized approach, and the ability ",Mitigation,0.55,0.25,0.33,P_021
action::325::the project will focus on help,Action,The project will focus on helping the provincial governments and local people better manage their coastal resources and make a direct linkage between conservation of coastal resources and economic ben,Mitigation,0.55,0.25,0.33,P_021
action::326::risk management : i) co-manage,Action,Risk Management : i) Co-management of resources in protected areas between government and cooperatives of local resource users will have a protective effect on the resource and on environmental qualit,Mitigation,0.55,0.25,0.33,P_021
action::327::shared responsibility between,Action,"Shared responsibility between government and users will favour greater transparency and better conservation of the resource, leading to stronger support of local livelihoods; ii) The MEMWE will develo",Mitigation,0.55,0.25,0.33,P_021
"action::328::accordingly, the grant will fi",Action,"Accordingly, the Grant will finance a portion of the cost of a Program Coordinator, a consultant and member of the PMU among whose responsibilities will be the execution of all environmental and socia",Mitigation,0.55,0.25,0.33,P_021
action::329::finance a portion of the cost,Action,"finance a portion of the cost of a Program Coordinator, a consultant and member of the PMU among whose responsibilities will be the execution of all environmental and social safeguards functions, incl",Mitigation,0.55,0.25,0.33,P_021
action::32::11 coastal management plans of,Action,11 Coastal Management Plans of Action (also known as ICZM Plans of Action) were developed by local communities under the SMAP III financed by EU.,Mitigation,0.55,0.25,0.33,P_021
"action::330::in addition, the grant will fi",Action,"In addition, the Grant will finance a portion of the cost of a Monitoring and Evaluation Specialist, a consultant and member of the PMU whose responsibility will encompass implementing the M&E system ",Mitigation,0.55,0.25,0.33,P_021
action::331::resp: government stage: implem,Action,Resp: Government Stage: Implementation Due Date : Ongoing Status: In progress Program & Donor Rating: Low Description : Bank systems will be used.,Mitigation,0.55,0.25,0.33,P_021
action::332::it aims at making implementati,Action,"It aims at making implementation support to the client more flexible and efficient, and will focus on implementation of the risk mitigation measures defined in the ORAF.",Mitigation,0.55,0.25,0.33,P_021
action::333::implementation support will in,Action,Implementation support will include: (a) providing training to members of the procurement -related staff of the P MU (central and regional offices); (b) reviewing procurement documents and providing t,Mitigation,0.55,0.25,0.33,P_021
action::334::supervision will review the pr,Action,"Supervision will review the project’s financial management system, including, but not limited to, accounting, reporting, and internal controls.",Mitigation,0.55,0.25,0.33,P_021
action::335::supervision will also cover sp,Action,Supervision will also cover specific activities on a random sample basis.,Mitigation,0.55,0.25,0.33,P_021
action::336::the world bank team will also,Action,The World Bank team will also work with the PMU to assist in improving coordination among different ministries an,Mitigation,0.55,0.25,0.33,P_021
action::337::the world bank team will also,Action,The World Bank team will also work with the PMU to assist in improving coordination among different ministries and units for financial management and reporting.,Mitigation,0.55,0.25,0.33,P_021
action::338::the world bank team will super,Action,The World Bank team will supervise the implementation of the agreed Environmental and Social Management Plan and provide guidance to the PMU to address any issues.,Mitigation,0.55,0.25,0.33,P_021
"action::339::sector-level risks, such as pr",Action,"Sector-level risks, such as proper coordination, will be addressed through dialogue with the Government and PMU.",Mitigation,0.55,0.25,0.33,P_021
"action::33::at the community level, primar",Action,"At the community level, primary beneficiaries are expected to be small holder farmers, subsistence and semi -industrial fishermen, local residents employed in the tourism sector, women’s groups involv",Mitigation,0.55,0.75,0.33,P_021
action::340::the wb team members will be ba,Action,"The WB team members will be based in the headquarters office and the Morocco country office to ensure timely, efficient, and effective implementation support to the client.",Mitigation,0.55,0.25,0.33,P_021
action::341::formal supervision and field v,Action,Formal supervision and field visits will be carried out semi -annually.,Mitigation,0.55,0.25,0.33,P_021
action::342::the team will conduct site vis,Action,The team will conduct site visits on a semi -annual basis throughout project implementation.,Mitigation,0.55,0.25,0.33,P_021
action::343::training will be provided by t,Action,Training will be provided by the Bank’s Financial Management Specialist and the Procurement Specialist before the commencement of project implementation.,Mitigation,0.55,0.25,0.33,P_021
action::344::the team will also help the de,Action,The team will also help the DE identify capacity building needs to strengthen its M&E capacity and to provide further technical support as required to support the PMU during implementation.,Mitigation,0.55,0.25,0.33,P_021
action::345::both the financial management,Action,Both the Financial Management and the Procurement Specialist will be based in the country office to provide timely support.,Mitigation,0.55,0.25,0.33,P_021
action::346::formal supervision of financia,Action,"Formal supervision of financial management will be carried out semi -annually, while procurement supervision will be carried out on a tim",Mitigation,0.55,0.25,0.33,P_021
action::347::formal supervision of financia,Action,"Formal supervision of financial management will be carried out semi -annually, while procurement supervision will be carried out on a timely basis as required by the client.",Mitigation,0.55,0.25,0.33,P_021
"action::348::the ttl, based at headquarters",Action,"The TTL, based at headquarters, will provide day -to-day supervision of all operational aspects, as well as coordination with the client and among WB team members.",Mitigation,0.55,0.25,0.33,P_021
action::349::the project will thus facilita,Action,The project will thus facilitate the Government of Morocco in piloting an ICZM approach and in coordination with other countries in the region.,Mitigation,0.55,0.25,0.33,P_021
action::34::ho will benefit from project i,Action,ho will benefit from project investment in ICZM and linked spatial development planning.,Mitigation,0.55,0.25,0.33,P_021
action::350::the project will also help mor,Action,"The project will also help Morocco explore innovative methods and measures for the sustainable development of the coastal zone in a changing climate, a top priority given the challenges caused by clim",Mitigation,0.55,0.25,0.33,P_021
action::351::proposed key results include:,Action,Proposed key results include:  Number of approved local development plans that are revised to incorpo,Mitigation,0.55,0.25,0.33,P_021
action::352::proposed key results include:,Action,Proposed key results include:  Number of approved local development plans that are revised to incorporate the ICZM approach; and  Promotion of biodiversity protection in Ramsar sites and the institu,Mitigation,0.55,0.25,0.33,P_021
action::353::the gef incremental support wi,Action,"The GEF incremental support will make ICZM and climate change adaptation more of a reality and promote improved governance capacity, cross -sector coordination, and the budget available for demonstrat",Mitigation,0.55,0.25,0.33,P_021
action::354::the proposed project is thus d,Action,The proposed project is thus designed to provide innovative and working examples needed to catalyze the critical mass of investment needed to create sustainable growth in coastal provinces.,Mitigation,0.65,0.25,1.0,P_021
action::355::the proposed project also prov,Action,The proposed project also provides incremental input into several national and donor funded programs and projects.,Mitigation,0.55,0.25,0.33,P_021
action::356::a qualitative analysis of the,Action,"A qualitative analysis of the costs and benefits of the Project activities below consists of an attempt to separate a baseline set of activities, which would be carried out independently of the availa",Mitigation,0.55,0.25,0.33,P_021
action::357::59 incremental cost analysis a,Action,59 Incremental Cost Analysis Activity Baseline GEF Alternative Global Benefits Incremental Costs (US$) Component 1: Capacity building and institutional strengthening to incorporate the ICZM approach i,Mitigation,0.55,0.25,0.33,P_021
action::358::this will help local communiti,Action,"This will help local communities to take into consideration the limited capacity of nature and help better management (reduction of pollution, conservation of wetlands, related ecosystems).",Mitigation,0.55,0.25,0.33,P_021
action::359::the project will support conse,Action,"The project will support conservation and restoration of key coastal ecosystems/areas (dunes, Ramsar sites).",Mitigation,0.55,0.25,0.33,P_021
action::35::institutional beneficiaries of,Action,"Institutional beneficiaries of the ICZM project will include decision makers at the national and regional levels, civil s ociety, boards of communes, etc.",Mitigation,0.55,0.25,0.33,P_021
action::360::activities include: -preparati,Action,Activities include: -Preparation of a public awareness action plan for the conservation of the Moulouya SBEI; -Rehabilitating and restoring degraded wetland ecosystems and coastal dunes at the Moulouy,Mitigation,0.55,0.25,0.33,P_021
action::361::the project will help pilot di,Action,The Project will help pilot different types of win-win models for management of the protected fishery area for conservation and economic revenues.,Mitigation,0.55,0.25,0.33,P_021
action::362::2.3: soil and water conservati,Action,"2.3: Soil and water conservation and income-generating activity The project will be undertaken based on Maroc Plan Vert at Saidia Ras El Ma, Beni Chiker, and Boudinar The project will support those ac",Mitigation,0.55,0.25,0.33,P_021
action::363::ed on maroc plan vert at saidi,Action,"ed on Maroc Plan Vert at Saidia Ras El Ma, Beni Chiker, and Boudinar The project will support those activities that use less water while generating revenues, and/or making local people less vulnerable",Mitigation,0.55,0.25,0.33,P_021
action::364::the activities will also inclu,Action,The activities will also include the promotion of good practices on controlling agricultural pollution.,Mitigation,0.55,0.25,0.33,P_021
action::365::2.4: promotion of ecotourism t,Action,"2.4: Promotion of ecotourism This sub-component will include: (a) a feasibility study on ecotourism; (b) the rehabilitation and furnishing of six small-scale tourist lodges, including adapted equipmen",Mitigation,0.55,0.25,0.33,P_021
action::366::this component will finance in,Action,This component will finance incremental operating costs needed for: (a) the operation of the PMU; and (b) project monitoring and evaluation.,Mitigation,0.55,0.25,0.33,P_021
action::36::who will gain experience in ap,Action,who will gain experience in applying the ICZM approach.,Mitigation,0.55,0.25,0.33,P_021
action::37::project investment will occur,Action,Project investment will occur through three linked components.,Mitigation,0.55,0.25,0.33,P_021
action::38::earliest investments will come,Action,"Earliest investments will come through Component 1, which largely targets capacity building to enable the undertaking of technical activities under Component 2.",Mitigation,0.55,0.25,0.33,P_021
action::39::the activities to be implement,Action,The activities to be implement ed were selected from existing Coastal Management Action Plans funded by other donors and took into account the impact s of climate change.,Mitigation,0.55,0.25,0.33,P_021
action::3::key risks and mitigation measu,Action,KEY RISKS AND MITIGATION MEASURES ..........................................................19 A.,Mitigation,0.55,0.25,0.33,P_021
action::40::participatory consultative mee,Action,"Participatory consultative meetings, sector -based interviews , visits to proposed project locations , and discussions wit h beneficiaries were undertaken throughout the identification of activities.",Mitigation,0.55,0.25,0.33,P_021
action::41::memee (via de) will be respons,Action,MEMEE (via DE) will be responsible for implementation of Component 1.,Mitigation,0.55,0.25,0.33,P_021
action::42::the investments of the project,Action,"The investments of the Project will finance consultant services, training and workshops, non-consultant services, works, and goods to be used in support of: (a) Promoting awareness of , and building c",Mitigation,0.55,0.25,0.33,P_021
action::43::project will finance consultan,Action,"Project will finance consultant services, training and workshops, non-consultant services, works, and goods to be used in support of: (a) Promoting awareness of , and building capacity in , the applic",Mitigation,0.55,0.25,0.33,P_021
action::44::this component is divided into,Action,"This component is divided into four sub -components, which will : (i) improve conservation and management of sensitive coastal areas; (ii) improve fisheries management; (iii) 13 The purpose of spatial",Mitigation,0.55,0.25,0.33,P_021
action::45::this sub - component will supp,Action,This sub - component will support : (a) fixation and restoration of about 20 ha of degraded wetland and coastal dune ecosystems at Moulouya ; (b) carrying out an hydrological study of the Moulouya SBE,Mitigation,0.55,0.25,0.33,P_021
action::46::this sub-component will be imp,Action,This sub-component will be implemented by HCWFFAD.,Mitigation,0.55,0.25,0.33,P_021
action::47::expected results: this subcomp,Action,"Expected results: This subcomponent will result in the formulation of a coordinated public awareness action plan for the Moulouya SBEI , and the execution of works called for in that plan, including t",Mitigation,0.55,0.75,0.33,P_021
"action::48::in parallel, the hcwffad will",Action,"In parallel, the HCWFFAD will invest some of its own resources in the planting of trees and management of watersheds, restor ation of ecosystems and the construction of recreation facilities in the Mo",Mitigation,0.55,0.25,0.33,P_021
action::49::this sub -component will suppo,Action,This sub -component will support (a) carrying out the feasibility study and preparation of the related Site-Specific ESIA and Site - Specific ESMP regarding the establishment on a pilot basis of one s,Mitigation,0.55,0.25,0.33,P_021
action::4::the technical coordination com,Action,"The Technical Coordination Committee shall serve as a technical forum for MEMWE, HCWFFAD, MAMF, NADA, ADA and MT in which such entities shall harmonize their actions regarding the implementation of th",Mitigation,0.55,0.25,0.33,P_021
"action::50::in parallel, government will f",Action,"In parallel, government will f inance with its own resources activities complementary to the investments described above, including the construction of small -scale infrastructure to support artisanal",Mitigation,0.55,0.25,0.33,P_021
action::51::this sub - component (a) will,Action,"This sub - component (a) will be implemented by DMF, (b) and (c) by NADA.",Mitigation,0.55,0.25,0.33,P_021
action::52::this sub - component will supp,Action,This sub - component will support (a) implementation of soil and water conservation measures in the communes of Beni Chiker and Boudinar; and ( b) promotion of apiculture by supplying local women’s gr,Mitigation,0.55,0.25,0.33,P_021
"action::53::in parallel, the government wi",Action,"In parallel, the government will finance with its own resources under the NSP complementary to the investments described above which also aim to support rational utilisation of water, control of diffu",Mitigation,0.55,0.25,0.33,P_021
action::54::the nsp two stations of waste,Action,"The NSP two stations of waste -water treatment will be located at Karia Arekmane and Ferkhana, and one station of waste collection and treatment will be at Ras El Ma.",Mitigation,0.55,0.25,0.33,P_021
action::55::this sub-component will be exe,Action,This sub - component will be executed by MT.,Mitigation,0.55,0.25,0.33,P_021
action::56::this sub-component will suppor,Action,This sub-component will support: (a) a feasibility study on ecotourism; (b) rehabilitation and furnishing of about six small -scale tourist lodges; and (c) training of tour ist operators and promotion,Mitigation,0.55,0.25,0.33,P_021
action::57::expected results: the subcompo,Action,Expected results: The subcomponent will sup,Mitigation,0.55,0.75,0.33,P_021
action::58::expected results: the subcompo,Action,Expected results: The subcomponent will support the restoration of up to six small-scale tourist lodges and the training of tour operators.,Mitigation,0.55,0.75,0.33,P_021
"action::59::in parallel, the government wi",Action,"In parallel, the government will finance with its own resources activities under the NSP projects which are loc ated in areas where tourism is an important sector and are one network of sanitation of ",Mitigation,0.55,0.25,0.33,P_021
action::5::ich such entities shall harmon,Action,"ich such entities shall harmonize their actions regarding the implementation of the Project, share knowledge on Project implementation, and ensure that their annual work plans and budgets are well int",Mitigation,0.55,0.25,0.33,P_021
action::60::this component will finance co,Action,"This component will finance consultant services, goods, training, non -consultant services and incremental operating costs needed for: (a) Supporting the PMU, including for the implementation of the E",Mitigation,0.55,0.25,0.33,P_021
action::61::the morocco iczm project will,Action,The Morocco ICZM Project will be a Specific Investment Grant.,Mitigation,0.55,0.25,0.33,P_021
action::62::the government of moroc co wil,Action,The Government of Moroc co will provide funding totalling US$20 million to support a US$5.18 million grant from the GEF.,Mitigation,0.55,0.25,0.33,P_021
action::63::incremental operating cost s15,Action,Incremental operating cost s15 of US$ 0.384 million under Component 3 will be covered by the budget of the Project.,Mitigation,0.55,0.25,0.33,P_021
action::64::the implementation of componen,Action,The implementation of Component 3 will also be contributed by the 14 Government parallel financing for this project includes activities underway in or near the project areas that are complementary to ,Mitigation,0.55,0.25,0.33,P_021
action::65::these activities include: (i),Action,"These activities include: (i) a program of rehabilitation of signage and traffic control measures for SBEIs, implemented by HCWFFAD; (ii) improvements to the artisanal fishing at the port of Ras Kebda",Mitigation,0.55,0.25,0.33,P_021
action::66::(b) this project will focus on,Action,"(b) This project will focus on pilot approaches and demons tration schemes to improve people’s life by increasing income for farmers/fishermen, and creating jobs for vulnerable groups through diversif",Mitigation,0.55,0.25,0.33,P_021
"action::67::the ministry of energy, mines,",Action,"The Ministry of Energy, Mines, Water and the Environment , through the PMU, will have the overall responsibility for implementation of Project Components 1 and 3, and for the overall coordination of t",Mitigation,0.55,0.25,0.33,P_021
action::68::as is the case for any other w,Action,"As is the case for any other Word Bank project in Morocco, the Ministry of General Affairs and Governance (MAGG) has the mandate to oversee general project implementation, and ensure directions chosen",Mitigation,0.55,0.25,0.33,P_021
action::69::the project implementation wil,Action,"The Proje ct implementation will require collaboration between institutions at the local, provincial/regional, and national levels.",Mitigation,0.55,0.25,0.33,P_021
action::6::(vi) the recipient shall take,Action,(vi) The Recipient shall take all necessary measures to implement the Project in accordance with the Project Operations Manual and the Implementation Conventions.,Mitigation,0.55,0.25,0.33,P_021
action::70::technical coordination committ,Action,The Technical Coordination Committee (TCC) (Comité de Coordination Technique) which has been established for the purpose of ICZM under the chairmanship of MEMWE will serve as a technical forum for MEM,Mitigation,0.55,0.25,0.33,P_021
action::71::(tcc) (comité de coordination,Action,"(TCC) (Comité de Coordination Technique) , which has been established for the purpose of ICZM under the chairmanship of MEMWE , will serve as a technical forum for MEMWE, MAGG, MEF, HCWFFAD, MAMF, NAD",Mitigation,0.55,0.25,0.33,P_021
action::72::a project management unit (pmu,Action,"A project managem ent unit (PMU) will be established within the Department of the Environment of the Ministry of Energy, Mines, Water and the Environment.",Mitigation,0.55,0.25,0.33,P_021
action::73::the pmu will have both the res,Action,"The PMU will have both the responsibility for day -to-day implementation of the project and overall coordination for project implementation, with support, guidance and feedback from the MAGG for highe",Mitigation,0.55,0.25,0.33,P_021
action::74::the pmu will be solely respons,Action,The PMU will be solely responsible for handling all financial transactions and procurement activities.,Mitigation,0.55,0.25,0.33,P_021
action::75::it will be responsible for con,Action,"Specifically, the Project Manager will be responsible for consolidating annual work plans, Project monitoring guides, and the various progress reports required by the World Bank.",Mitigation,0.55,0.25,0.33,P_021
action::76::the pmu will also ensure effic,Action,The PMU will also ensure efficient coordination between project partners.,Mitigation,0.55,0.25,0.33,P_021
action::77::it will be responsible for pro,Action,It will also be responsible for promoting partnerships at the regional and local levels and facilitating the integration of ICZM project activities with any other partners’ development programs and in,Mitigation,0.55,0.25,0.33,P_021
action::78::the pmu will have a central of,Action,The PMU will have a central office that will operate out of the main offices of the DE in Rabat and a Regional office to operate out of the regional DE office in Oujda.,Mitigation,0.55,0.25,0.33,P_021
"action::79::under the project director, th",Action,"Under the project Director, the PMU will be headed by a Project Manager, who would be a senior professional civil servant of the MEMWE (DE), and he will be assisted by a Project Coordinator (full -tim",Mitigation,0.55,0.25,0.33,P_021
action::7::(viii) no proposed pilot imple,Action,(viii) No proposed pilot implementation activity shall be eligible for financing under Part 2.2 of the Project unless and until: (a) the Recipient has prepared the Site-Specific ESIAs and the Site-Spe,Mitigation,0.55,0.25,0.33,P_021
action::80::the project manager will o ver,Action,The Project Manager will oversee project implementation and monitoring at the national level.,Mitigation,0.55,0.25,0.33,P_021
action::81::the projec t manager will also,Action,"The Project Manager will also ensure efficient coordination between project partners, particularly on the exchange of information and organization of common activities.",Mitigation,0.55,0.25,0.33,P_021
action::82::the project coordinator will b,Action,"The Project Coordinator will be a technical expert in ICZM with experience in project management, and will support the Project Director throughout project implementation, and will assume responsibilit",Mitigation,0.55,0.25,0.33,P_021
action::83::the pmu will also include a fi,Action,The PMU will also include a financial management specialist.,Mitigation,0.55,0.25,0.33,P_021
"action::84::at the regional level, the reg",Action,"At the regional level, the Regional Representative of the DE in Oujda will be a member of the PMU and serving as its Regional Project Manager in the region.",Mitigation,0.55,0.25,0.33,P_021
action::85::the regional project manager w,Action,The Regional Project Manager will be assisted by a Regional Project Coordinator.,Mitigation,0.55,0.25,0.33,P_021
action::86::the regional office of the pmu,Action,The regional office of the PMU will be responsible for coordin,Mitigation,0.55,0.25,0.33,P_021
action::87::the regional office of the pmu,Action,The regional office of the PMU will be responsible for coordinating the implementation of project activities to be implemented by the DE across all four project pilot areas; and will work in close col,Mitigation,0.55,0.25,0.33,P_021
action::88::other participating partner mi,Action,Other participating partner ministries and/or institutions will be mostly responsible for the technical implementation of selected project activities under Component 2 and in accordance with the Imple,Mitigation,0.55,0.25,0.33,P_021
action::89::the project will be implemente,Action,The Project will be implemented in full compliance with the detailed procedures set out in the Project Operations Manual.,Mitigation,0.55,0.25,0.33,P_021
action::8::results indicate that 24% and,Action,Results indicate that 24% and 59% of the (coastal) area will be lost by ﬂooding at minim,Mitigation,0.55,0.25,0.33,P_021
action::90::the pmu will be responsible fo,Action,"The PMU will be responsible for the monitoring and evaluation (M&E) of the project, including analysis of M&E data and the finalization of progress reports.",Mitigation,0.55,0.25,0.33,P_021
"action::91::to this end, it will work clos",Action,"To this end, it will work closely with the relevant staff and units of the other ministries and ag encies participating in the implementation of the ICZM project (i.e.",Mitigation,0.55,0.25,0.33,P_021
action::92::these ministries and agenc ies,Action,"These ministries, in turn, will provide all relevant data concerning the performance of the activities for which they are responsible to DE for the purp oses of M&E.",Mitigation,0.55,0.25,0.33,P_021
action::93::the pmu will also be supported,Action,"The PMU will also be supported in this by the ERSDO, the DE entity responsible for collection and analysis of envi ronmental data.",Mitigation,0.55,0.25,0.33,P_021
action::94::the pmu will have the overall,Action,The PMU will have the overall responsibility for the preparation of Project reports and their transmission to the World Bank each semester.,Mitigation,0.55,0.25,0.33,P_021
action::95::the pmu will monitor the proje,Action,The PMU will monitor the project’s intermediate results indicators (see Annex 1) and provide a semi -annual update of these indicators to be included in the project’s regular reports.,Mitigation,0.55,0.25,0.33,P_021
"action::96::data collection, ve rification",Action,"49 Data collection, verification, and initial analyses will be the responsibility of the regional office of the DE, with technical support from the ERSDO.",Mitigation,0.55,0.25,0.33,P_021
action::97::the regional de staff and/or c,Action,The regional DE staff and/or consultants will be responsible for making regular visits to the project area to monitor progress and collect data on environmental performance.,Mitigation,0.55,0.25,0.33,P_021
action::98::funds for m&e will be drawn fr,Action,Funds for M&E will be drawn from Component 3.,Mitigation,0.55,0.25,0.33,P_021
action::99::regional pmu staff will share,Action,Regional PMU staff will share the semester reports with the local cooperatives involved in co -management.,Mitigation,0.55,0.25,0.33,P_021
action::9::results indicate that 24% and,Action,"Results indicate that 24% and 59% of the (coastal) area will be lost by ﬂooding at minimum and maximum inundation levels, respectively.",Mitigation,0.55,0.25,0.33,P_021
project::P_021,Project,P_021,,1.0,0.0,0.0,P_021
risk::10::quality,Risk,quality,Quality & HSE,0.55,0.25,0.33,P_021
risk::11::political,Risk,political,Political/Social/External,0.55,0.25,0.33,P_021
risk::12::disbursement,Risk,Disbursement,Funding & Finance,0.55,0.25,0.33,P_021
risk::13::implementing agency,Risk,Implementing Agency,Governance/Institutional,0.65,0.25,1.0,P_021
risk::14::bidding,Risk,bidding,Procurement & Supply,0.55,0.25,0.33,P_021
risk::15::bid,Risk,bid,Procurement & Supply,0.55,0.25,0.33,P_021
risk::16::supplier,Risk,supplier,Procurement & Supply,0.55,0.45,0.33,P_021
risk::17::contractor,Risk,contractor,Contractor Performance,0.55,0.45,0.33,P_021
risk::18::award,Risk,award,Procurement & Supply,0.55,0.45,0.33,P_021
risk::1::environment,Risk,environmental,Quality & HSE,0.55,0.25,0.33,P_021
risk::2::currency,Risk,CURRENCY,Price/Inflation/FX,0.55,0.25,0.33,P_021
risk::3::coordination,Risk,coordination,Governance/Institutional,0.55,0.25,0.33,P_021
risk::4::institutional,Risk,institutional,Governance/Institutional,0.55,0.25,0.33,P_021
risk::5::financing,Risk,financing,Funding & Finance,0.55,0.25,0.33,P_021
risk::6::procurement,Risk,procurement,Procurement & Supply,0.55,0.25,0.33,P_021
risk::7::capacity,Risk,capacity,Governance/Institutional,0.55,0.25,0.33,P_021
risk::8::resettlement,Risk,resettlement,Land & Resettlement,0.55,0.25,0.33,P_021
risk::9::safety,Risk,Safety,Quality & HSE,0.55,0.25,0.33,P_021
