project_id,source_file
P_001,"Afghanistan - Kabul Municipal
            Development Program Project.pdf"
P_002,"Africa - Centre for Coordination
            of Agricultural research and Development for Southern A.pdf"
P_003,"Africa - Second Phase of the West
            Africa Agricultural Productivity Program Project.pdf"
P_004,"Bangladesh - Safety Net Systems
            for the Poorest Project.pdf"
P_005,"Bolivia - Climate Resilience -
            Integrated Basin Management Project.pdf"
P_006,"Bolivia - Second Rural Alliances
            Project  Bolivia - Segundo Proyecto de Alianzas Rurales.pdf"
P_007,"Brazil - Ceara Rural Sustainable
            Development and Competitiveness Project  Brasil - Proje.pdf"
P_008,"Brazil - Sector Wide Approach
            (SWAp) to Strengthen Public Investment Project  Brasil -.pdf"
P_009,"Chad - Emergency Food and
            Livestock Crisis Response Project.pdf"
P_010,"Chile - Third Tertiary Education
            Finance for Results Project  Chile - Financiamiento por.pdf"
P_011,"China - Jiangxi Wuxikou
            Integrated Flood Management Project.pdf"
P_012,"China - Second Energy
            Conservation Project.pdf"
P_013,"China - Urban Scale Building
            Energy Efficiency and Renewable Energy Project.pdf"
P_014,"Costa Rica - Higher Education
            Improvement Project  Costa Rica - Proyecto de Mejoramiento.pdf"
P_015,"East Timor - Fundamental School
            Quality Project.pdf"
P_016,Ethiopia - Statistics for Results Project.pdf
P_017,Georgia - Regional Development Project.pdf
P_018,"Kiribati - Grid Connected Solar
            PV Project.pdf"
P_019,"Liberia - Health Systems
            Strengthening Project.pdf"
P_020,"Malawi - Adaptable Program Loan
            for Shire River Basin Management Program Project.pdf"
P_021,"Morocco - Integrated Coastal Zone
            Management Project.pdf"
P_022,"Morocco - Judicial Performance
            Enhancement for Service to Citizen Project  Maroc - Proje.pdf"
P_023,"Morocco - Second National
            Initiative for Human Development Program Project.pdf"
P_024,"Morocco - Social and Integrated
            Agriculture Project.pdf"
P_025,"Morocco - Strengthening
            Micro-Entrepreneurship for Disadvantaged Youth in the.pdf"
P_026,"Niger - Public Sector Capacity
            and Performance for Service Delivery Project.pdf"
P_027,"Nigeria - Transforming Irrigation
            Management in Nigeria Project.pdf"
P_028,"Rwanda - Third Phase of the
            Transformation of Agriculture Sector Program-for-Results Pro.pdf"
P_029,"Tajikistan - Private Sector
            Competitiveness Project.pdf"
P_030,"Tanzania - Urban Local Government
            Strengthening Program Project.pdf"
