src,dst,edge_type,weight,confidence,evidence_id,project_id,time
project::P_018,action::100::further analysis will be under,ASSOCIATED_WITH,1.0,0.55,,P_018,2025-12
project::P_018,action::101::further analysis will be under,ASSOCIATED_WITH,1.0,0.55,,P_018,2025-12
project::P_018,action::102::effective design and implement,ASSOCIATED_WITH,1.0,0.55,,P_018,2025-12
project::P_018,"action::103::also, end-use efficiency optio",ASSOCIATED_WITH,1.0,0.55,,P_018,2025-12
project::P_018,action::104::the team noted that further de,ASSOCIATED_WITH,1.0,0.55,,P_018,2025-12
project::P_018,action::105::assessing the level of solar p,ASSOCIATED_WITH,1.0,0.55,,P_018,2025-12
project::P_018,action::105::assessing the level of solar p,ASSOCIATED_WITH,1.0,0.55,,P_018,2025-12
project::P_018,action::106::review the scope of the propos,ASSOCIATED_WITH,1.0,0.55,,P_018,2025-12
project::P_018,action::107::develop further the scope of t,ASSOCIATED_WITH,1.0,0.55,,P_018,2025-12
project::P_018,action::108::the option of considering ksec,ASSOCIATED_WITH,1.0,0.55,,P_018,2025-12
project::P_018,action::109::considering (a) the “barrier r,ASSOCIATED_WITH,1.0,0.55,,P_018,2025-12
project::P_018,action::10::the pst support officer will p,ASSOCIATED_WITH,1.0,0.55,,P_018,2025-12
project::P_018,action::110::as part of the ta under the pr,ASSOCIATED_WITH,1.0,0.55,,P_018,2025-12
project::P_018,action::111::subsequent investment will dep,ASSOCIATED_WITH,1.0,0.55,,P_018,2025-12
project::P_018,action::112::it was agreed that this will b,ASSOCIATED_WITH,1.0,0.55,,P_018,2025-12
project::P_018,action::113::this process of learning by do,ASSOCIATED_WITH,1.0,0.55,,P_018,2025-12
project::P_018,action::114::24 (iv) longer term sustainabi,ASSOCIATED_WITH,1.0,0.55,,P_018,2025-12
project::P_018,action::115::24 (iv) longer term sustainabi,ASSOCIATED_WITH,1.0,0.55,,P_018,2025-12
project::P_018,"action::116::furthermore, with the guidance",ASSOCIATED_WITH,1.0,0.55,,P_018,2025-12
project::P_018,action::117::the meeting also drew attentio,ASSOCIATED_WITH,1.0,0.55,,P_018,2025-12
project::P_018,action::118::the current program of reform,ASSOCIATED_WITH,1.0,0.55,,P_018,2025-12
project::P_018,action::118::the current program of reform,ASSOCIATED_WITH,1.0,0.55,,P_018,2025-12
project::P_018,"action::119::following the mission, the pif",ASSOCIATED_WITH,1.0,0.55,,P_018,2025-12
project::P_018,action::11::the subsequent reporting again,ASSOCIATED_WITH,1.0,0.55,,P_018,2025-12
project::P_018,action::120::further preparation will be un,ASSOCIATED_WITH,1.0,0.55,,P_018,2025-12
project::P_018,action::121::a draft msp gef ceo endorsemen,ASSOCIATED_WITH,1.0,0.55,,P_018,2025-12
project::P_018,action::122::it will include documentation,ASSOCIATED_WITH,1.0,0.55,,P_018,2025-12
project::P_018,action::123::the gef ceo endorsement packag,ASSOCIATED_WITH,1.0,0.55,,P_018,2025-12
project::P_018,action::123::the gef ceo endorsement packag,ASSOCIATED_WITH,1.0,0.55,,P_018,2025-12
project::P_018,action::124::after addressing issues raised,ASSOCIATED_WITH,1.0,0.55,,P_018,2025-12
project::P_018,action::125::summary of agreements reached,ASSOCIATED_WITH,1.0,0.55,,P_018,2025-12
project::P_018,action::126::a procurement capacity and ris,ASSOCIATED_WITH,1.0,0.55,,P_018,2025-12
project::P_018,action::127::it has been agreed with mfed t,ASSOCIATED_WITH,1.0,0.55,,P_018,2025-12
project::P_018,action::128::the mfed cfu will have a full-,ASSOCIATED_WITH,1.0,0.55,,P_018,2025-12
project::P_018,action::129::the key procurement activity u,ASSOCIATED_WITH,1.0,0.55,,P_018,2025-12
project::P_018,"action::12::tions, please ensure that the",ASSOCIATED_WITH,1.0,0.55,,P_018,2025-12
project::P_018,action::130::the bank’s standard bidding do,ASSOCIATED_WITH,1.0,0.55,,P_018,2025-12
project::P_018,action::131::pub’s project support team (ps,ASSOCIATED_WITH,1.0,0.55,,P_018,2025-12
project::P_018,action::131::pub’s project support team (ps,ASSOCIATED_WITH,1.0,0.55,,P_018,2025-12
project::P_018,"action::132::specifically, the employer’s e",ASSOCIATED_WITH,1.0,0.55,,P_018,2025-12
project::P_018,action::133::the procurement- related risk,ASSOCIATED_WITH,1.0,0.6,,P_018,2025-12
project::P_018,action::134::key risk mitigation measures a,ASSOCIATED_WITH,1.0,0.55,,P_018,2025-12
project::P_018,action::135::to mitigate the risk of non-co,ASSOCIATED_WITH,1.0,0.55,,P_018,2025-12
project::P_018,action::136::to mitigate the risk of poor b,ASSOCIATED_WITH,1.0,0.55,,P_018,2025-12
project::P_018,action::137::thods and wide-scale publicity,ASSOCIATED_WITH,1.0,0.55,,P_018,2025-12
project::P_018,"action::138::overall, the financial managem",ASSOCIATED_WITH,1.0,0.55,,P_018,2025-12
project::P_018,action::139::the assessed financial managem,ASSOCIATED_WITH,1.0,0.65,,P_018,2025-12
project::P_018,action::13::the issue and context - the pr,ASSOCIATED_WITH,1.0,0.65,,P_018,2025-12
project::P_018,action::140::as the project is only $3.92mi,ASSOCIATED_WITH,1.0,0.55,,P_018,2025-12
project::P_018,action::141::ward and while the limited fm,ASSOCIATED_WITH,1.0,0.55,,P_018,2025-12
project::P_018,action::142::any change to the above arrang,ASSOCIATED_WITH,1.0,0.55,,P_018,2025-12
project::P_018,action::143::the project budget will be on,ASSOCIATED_WITH,1.0,0.55,,P_018,2025-12
project::P_018,action::144::the budget w ill be an aggrega,ASSOCIATED_WITH,1.0,0.55,,P_018,2025-12
project::P_018,action::145::the budget will be for mulated,ASSOCIATED_WITH,1.0,0.55,,P_018,2025-12
project::P_018,action::146::the day to day monitoring of t,ASSOCIATED_WITH,1.0,0.55,,P_018,2025-12
project::P_018,action::147::kiribati public utilities boar,ASSOCIATED_WITH,1.0,0.55,,P_018,2025-12
project::P_018,action::148::the project accounts will be m,ASSOCIATED_WITH,1.0,0.55,,P_018,2025-12
project::P_018,action::149::currently there are two accoun,ASSOCIATED_WITH,1.0,0.55,,P_018,2025-12
project::P_018,action::14::quite possibly the most import,ASSOCIATED_WITH,1.0,0.55,,P_018,2025-12
project::P_018,action::150::the cfu and there is some fm r,ASSOCIATED_WITH,1.0,0.55,,P_018,2025-12
project::P_018,action::151::the fiduciary obligations will,ASSOCIATED_WITH,1.0,0.55,,P_018,2025-12
project::P_018,action::152::th ere is a risk that direct p,ASSOCIATED_WITH,1.0,0.55,,P_018,2025-12
project::P_018,action::153::further due diligence will be,ASSOCIATED_WITH,1.0,0.55,,P_018,2025-12
project::P_018,action::154::the central cfu will be requir,ASSOCIATED_WITH,1.0,0.55,,P_018,2025-12
project::P_018,action::155::the project internal controls,ASSOCIATED_WITH,1.0,0.55,,P_018,2025-12
project::P_018,action::156::hence the primary fm role of t,ASSOCIATED_WITH,1.0,0.55,,P_018,2025-12
project::P_018,action::157::under the current project desi,ASSOCIATED_WITH,1.0,0.55,,P_018,2025-12
project::P_018,action::158::a designated account will also,ASSOCIATED_WITH,1.0,0.55,,P_018,2025-12
project::P_018,action::159::ity of ex penditures will be f,ASSOCIATED_WITH,1.0,0.55,,P_018,2025-12
project::P_018,action::15::the challenge is to help to si,ASSOCIATED_WITH,1.0,0.55,,P_018,2025-12
project::P_018,action::15::the challenge is to help to si,ASSOCIATED_WITH,1.0,0.55,,P_018,2025-12
project::P_018,action::160::a designated account will also,ASSOCIATED_WITH,1.0,0.55,,P_018,2025-12
project::P_018,action::161::as there is no central bank in,ASSOCIATED_WITH,1.0,0.55,,P_018,2025-12
project::P_018,action::162::the financial reporting for th,ASSOCIATED_WITH,1.0,0.55,,P_018,2025-12
project::P_018,action::163::semester unaudited financial r,ASSOCIATED_WITH,1.0,0.55,,P_018,2025-12
project::P_018,"action::164::in addition commitments, contr",ASSOCIATED_WITH,1.0,0.55,,P_018,2025-12
project::P_018,action::165::other tha n disclosure of comm,ASSOCIATED_WITH,1.0,0.55,,P_018,2025-12
project::P_018,action::166::reports will classify expendit,ASSOCIATED_WITH,1.0,0.55,,P_018,2025-12
project::P_018,action::167::the ifr will be prepared in au,ASSOCIATED_WITH,1.0,0.55,,P_018,2025-12
project::P_018,action::168::the reports will b e required,ASSOCIATED_WITH,1.0,0.55,,P_018,2025-12
project::P_018,action::169::the kiribati national audit of,ASSOCIATED_WITH,1.0,0.55,,P_018,2025-12
project::P_018,action::16::how the project seeks to addre,ASSOCIATED_WITH,1.0,0.55,,P_018,2025-12
project::P_018,action::170::the audited financial statemen,ASSOCIATED_WITH,1.0,0.55,,P_018,2025-12
project::P_018,"action::171::the project will use advance,",ASSOCIATED_WITH,1.0,0.55,,P_018,2025-12
project::P_018,"action::171::the project will use advance,",ASSOCIATED_WITH,1.0,0.55,,P_018,2025-12
project::P_018,action::172::the designated account will be,ASSOCIATED_WITH,1.0,0.55,,P_018,2025-12
project::P_018,action::173::the documentation required 30,ASSOCIATED_WITH,1.0,0.55,,P_018,2025-12
project::P_018,action::174::direct payments will require t,ASSOCIATED_WITH,1.0,0.55,,P_018,2025-12
project::P_018,action::175::while documentation will not b,ASSOCIATED_WITH,1.0,0.55,,P_018,2025-12
project::P_018,action::176::the cfu will prepare all withd,ASSOCIATED_WITH,1.0,0.55,,P_018,2025-12
project::P_018,action::177::the project will have 1 disbur,ASSOCIATED_WITH,1.0,0.55,,P_018,2025-12
project::P_018,action::178::the proposed project does not,ASSOCIATED_WITH,1.0,0.55,,P_018,2025-12
project::P_018,action::179::no decommissioning of existing,ASSOCIATED_WITH,1.0,0.55,,P_018,2025-12
project::P_018,action::17::agement in the electricity sec,ASSOCIATED_WITH,1.0,0.55,,P_018,2025-12
project::P_018,action::180::the emp will form part of the,ASSOCIATED_WITH,1.0,0.55,,P_018,2025-12
project::P_018,action::181::public utilities board (pub) w,ASSOCIATED_WITH,1.0,0.55,,P_018,2025-12
project::P_018,action::182::the emp not only includes typi,ASSOCIATED_WITH,1.0,0.55,,P_018,2025-12
project::P_018,action::183::a project supervision engineer,ASSOCIATED_WITH,1.0,0.55,,P_018,2025-12
project::P_018,action::184::a project supervision engineer,ASSOCIATED_WITH,1.0,0.55,,P_018,2025-12
project::P_018,action::185::a grievance redress mechanism,ASSOCIATED_WITH,1.0,0.55,,P_018,2025-12
project::P_018,action::186::the final emp will be disclose,ASSOCIATED_WITH,1.0,0.55,,P_018,2025-12
project::P_018,action::187::the isds will be disclosed at,ASSOCIATED_WITH,1.0,0.55,,P_018,2025-12
project::P_018,"action::188::however, these communi ties wi",ASSOCIATED_WITH,1.0,0.55,,P_018,2025-12
project::P_018,action::189::op 4.12 involuntary resettleme,ASSOCIATED_WITH,1.0,0.55,,P_018,2025-12
project::P_018,action::18::the incentives for the pub to,ASSOCIATED_WITH,1.0,0.55,,P_018,2025-12
project::P_018,action::190::settlement is not triggered as,ASSOCIATED_WITH,1.0,0.55,,P_018,2025-12
project::P_018,action::191::the government of kiribati thr,ASSOCIATED_WITH,1.0,0.55,,P_018,2025-12
project::P_018,action::192::financial implications of any,ASSOCIATED_WITH,1.0,0.55,,P_018,2025-12
project::P_018,action::193::in the unlikely event that som,ASSOCIATED_WITH,1.0,0.55,,P_018,2025-12
project::P_018,action::194::solar pvs will be installed at,ASSOCIATED_WITH,1.0,0.55,,P_018,2025-12
project::P_018,"action::19::from a financial perspective,",ASSOCIATED_WITH,1.0,0.55,,P_018,2025-12
project::P_018,"action::19::from a financial perspective,",ASSOCIATED_WITH,1.0,0.55,,P_018,2025-12
project::P_018,action::1::the specific objective of the,ASSOCIATED_WITH,1.0,0.55,,P_018,2025-12
project::P_018,action::20::this driver provides a strong,ASSOCIATED_WITH,1.0,0.55,,P_018,2025-12
project::P_018,action::21::this will constitute 27% of av,ASSOCIATED_WITH,1.0,0.55,,P_018,2025-12
project::P_018,action::22::the initial 516 kw proposed ca,ASSOCIATED_WITH,1.0,0.55,,P_018,2025-12
project::P_018,action::23::in addition the project will h,ASSOCIATED_WITH,1.0,0.55,,P_018,2025-12
project::P_018,action::24::the specific objective of the,ASSOCIATED_WITH,1.0,0.55,,P_018,2025-12
project::P_018,action::25::it is estimated that the proje,ASSOCIATED_WITH,1.0,0.55,,P_018,2025-12
project::P_018,action::26::savings from the reduction in,ASSOCIATED_WITH,1.0,0.55,,P_018,2025-12
project::P_018,action::27::the solar pv array will be ins,ASSOCIATED_WITH,1.0,0.55,,P_018,2025-12
project::P_018,"action::28::for procurement purposes, the",ASSOCIATED_WITH,1.0,0.55,,P_018,2025-12
project::P_018,"action::29::for procurement purposes, the",ASSOCIATED_WITH,1.0,0.55,,P_018,2025-12
project::P_018,action::2::describe the budgeted m &e pla,ASSOCIATED_WITH,1.0,0.55,,P_018,2025-12
project::P_018,action::30::the consultants will also prep,ASSOCIATED_WITH,1.0,0.55,,P_018,2025-12
project::P_018,action::31::training and capacity building,ASSOCIATED_WITH,1.0,0.55,,P_018,2025-12
project::P_018,action::32::project components: the projec,ASSOCIATED_WITH,1.0,0.55,,P_018,2025-12
project::P_018,action::33::expected global environmental,ASSOCIATED_WITH,1.0,0.55,,P_018,2025-12
project::P_018,action::34::9 d escribe the consistency of,ASSOCIATED_WITH,1.0,0.55,,P_018,2025-12
project::P_018,action::35::as well as contributing to co2,ASSOCIATED_WITH,1.0,0.55,,P_018,2025-12
project::P_018,action::36::the proposed 516kw grid-connec,ASSOCIATED_WITH,1.0,0.55,,P_018,2025-12
project::P_018,action::37::the proposed 516kw grid-connec,ASSOCIATED_WITH,1.0,0.55,,P_018,2025-12
project::P_018,action::38::describe the consistency of th,ASSOCIATED_WITH,1.0,0.55,,P_018,2025-12
project::P_018,"action::39::specifically, this project wil",ASSOCIATED_WITH,1.0,0.55,,P_018,2025-12
project::P_018,action::3::describe the budgeted m &e pla,ASSOCIATED_WITH,1.0,0.55,,P_018,2025-12
project::P_018,"action::40::thus, gef is uniquely placed t",ASSOCIATED_WITH,1.0,0.55,,P_018,2025-12
project::P_018,"action::41::such an activity, should it ma",ASSOCIATED_WITH,1.0,0.55,,P_018,2025-12
project::P_018,action::42::this will help realize the 900,ASSOCIATED_WITH,1.0,0.55,,P_018,2025-12
project::P_018,action::42::this will help realize the 900,ASSOCIATED_WITH,1.0,0.55,,P_018,2025-12
project::P_018,action::43::the bank’s capacity building p,ASSOCIATED_WITH,1.0,0.55,,P_018,2025-12
project::P_018,action::44::ksec’s interaction with the ba,ASSOCIATED_WITH,1.0,0.55,,P_018,2025-12
project::P_018,action::45::the proposed project will enab,ASSOCIATED_WITH,1.0,0.65,,P_018,2025-12
project::P_018,"action::46::furthermore, and well beyond t",ASSOCIATED_WITH,1.0,0.55,,P_018,2025-12
project::P_018,"action::47::concurrently, it will be easie",ASSOCIATED_WITH,1.0,0.55,,P_018,2025-12
project::P_018,"action::48::concurrently, it will be easie",ASSOCIATED_WITH,1.0,0.55,,P_018,2025-12
project::P_018,"action::49::additionally, the technical as",ASSOCIATED_WITH,1.0,0.55,,P_018,2025-12
project::P_018,action::4::the project support team (pst),ASSOCIATED_WITH,1.0,0.55,,P_018,2025-12
project::P_018,"action::50::in other words, the msp financ",ASSOCIATED_WITH,1.0,0.55,,P_018,2025-12
project::P_018,"action::51::in addition, the government wi",ASSOCIATED_WITH,1.0,0.55,,P_018,2025-12
project::P_018,"action::52::in addition, the government wi",ASSOCIATED_WITH,1.0,0.55,,P_018,2025-12
project::P_018,action::53::risk associated with operation,ASSOCIATED_WITH,1.0,0.55,,P_018,2025-12
project::P_018,action::54::increased occurrence of climat,ASSOCIATED_WITH,1.0,0.55,,P_018,2025-12
project::P_018,action::55::in turn could reduce the elect,ASSOCIATED_WITH,1.0,0.55,,P_018,2025-12
project::P_018,action::56::there is work in progress in r,ASSOCIATED_WITH,1.0,0.55,,P_018,2025-12
project::P_018,action::56::there is work in progress in r,ASSOCIATED_WITH,1.0,0.55,,P_018,2025-12
project::P_018,action::57::analysis on a component basis,ASSOCIATED_WITH,1.0,0.55,,P_018,2025-12
project::P_018,"action::58::in quant itative terms, consid",ASSOCIATED_WITH,1.0,0.55,,P_018,2025-12
project::P_018,action::59::institutional arrangement : th,ASSOCIATED_WITH,1.0,0.55,,P_018,2025-12
project::P_018,action::5::periodic reports will be prepa,ASSOCIATED_WITH,1.0,0.55,,P_018,2025-12
project::P_018,action::60::the following legal agreements,ASSOCIATED_WITH,1.0,0.55,,P_018,2025-12
project::P_018,action::61::a project operations manual wi,ASSOCIATED_WITH,1.0,0.55,,P_018,2025-12
project::P_018,action::62::the legal agreements will requ,ASSOCIATED_WITH,1.0,0.55,,P_018,2025-12
project::P_018,action::62::the legal agreements will requ,ASSOCIATED_WITH,1.0,0.55,,P_018,2025-12
project::P_018,action::63::7 feasibility study has identi,ASSOCIATED_WITH,1.0,0.55,,P_018,2025-12
project::P_018,action::64::p roject implementation arrang,ASSOCIATED_WITH,1.0,0.55,,P_018,2025-12
project::P_018,action::65::the central fiduciary unit (cf,ASSOCIATED_WITH,1.0,0.55,,P_018,2025-12
project::P_018,action::66::the project support team (pst),ASSOCIATED_WITH,1.0,0.55,,P_018,2025-12
project::P_018,action::67::the pst will be led by the ceo,ASSOCIATED_WITH,1.0,0.55,,P_018,2025-12
project::P_018,"action::68::the ministry of environment, l",ASSOCIATED_WITH,1.0,0.55,,P_018,2025-12
project::P_018,"action::68::the ministry of environment, l",ASSOCIATED_WITH,1.0,0.55,,P_018,2025-12
project::P_018,action::69::the pst will include a suitabl,ASSOCIATED_WITH,1.0,0.55,,P_018,2025-12
project::P_018,action::6::implementation will be program,ASSOCIATED_WITH,1.0,0.55,,P_018,2025-12
project::P_018,action::70::the pst will report to the gov,ASSOCIATED_WITH,1.0,0.55,,P_018,2025-12
project::P_018,action::71::the pst will be accountable to,ASSOCIATED_WITH,1.0,0.55,,P_018,2025-12
project::P_018,action::72::the overall oversight and coor,ASSOCIATED_WITH,1.0,0.55,,P_018,2025-12
project::P_018,action::73::the implementing agency (pub),ASSOCIATED_WITH,1.0,0.55,,P_018,2025-12
project::P_018,action::74::following discussions with the,ASSOCIATED_WITH,1.0,0.65,,P_018,2025-12
project::P_018,action::75::technical assistance to improv,ASSOCIATED_WITH,1.0,0.65,,P_018,2025-12
project::P_018,action::76::the feasibility study has iden,ASSOCIATED_WITH,1.0,0.55,,P_018,2025-12
project::P_018,action::77::this could impact on the perfo,ASSOCIATED_WITH,1.0,0.55,,P_018,2025-12
project::P_018,action::78::pub needs to consider immediat,ASSOCIATED_WITH,1.0,0.55,,P_018,2025-12
project::P_018,action::79::the pub/energy unit/mpwu need,ASSOCIATED_WITH,1.0,0.55,,P_018,2025-12
project::P_018,"action::7::in addition, the public utilit",ASSOCIATED_WITH,1.0,0.55,,P_018,2025-12
project::P_018,action::80::the bank has been working clos,ASSOCIATED_WITH,1.0,0.55,,P_018,2025-12
project::P_018,action::81::an earlier pirep 9 study noted,ASSOCIATED_WITH,1.0,0.55,,P_018,2025-12
project::P_018,"action::82::finally, the costs for the pro",ASSOCIATED_WITH,1.0,0.55,,P_018,2025-12
project::P_018,action::83::training plan to “build” local,ASSOCIATED_WITH,1.0,0.55,,P_018,2025-12
project::P_018,action::83::training plan to “build” local,ASSOCIATED_WITH,1.0,0.55,,P_018,2025-12
project::P_018,action::84::19 table 2: results arising fr,ASSOCIATED_WITH,1.0,0.55,,P_018,2025-12
project::P_018,action::85::incentives for pub to operate,ASSOCIATED_WITH,1.0,0.55,,P_018,2025-12
project::P_018,action::86::incentives for pub to operate,ASSOCIATED_WITH,1.0,0.55,,P_018,2025-12
project::P_018,action::87::ksec‘s business model is not s,ASSOCIATED_WITH,1.0,0.55,,P_018,2025-12
project::P_018,"action::88::an ipp is another alternative,",ASSOCIATED_WITH,1.0,0.55,,P_018,2025-12
project::P_018,action::89::financial arrangements – will,ASSOCIATED_WITH,1.0,0.55,,P_018,2025-12
project::P_018,action::8::pub will provide quarterly rep,ASSOCIATED_WITH,1.0,0.55,,P_018,2025-12
project::P_018,action::90::this will ensure adequate loca,ASSOCIATED_WITH,1.0,0.55,,P_018,2025-12
project::P_018,action::91::this will ensure adequate loca,ASSOCIATED_WITH,1.0,0.55,,P_018,2025-12
project::P_018,action::92::the issues associated with the,ASSOCIATED_WITH,1.0,0.55,,P_018,2025-12
project::P_018,action::93::ct in the electricity sector;,ASSOCIATED_WITH,1.0,0.55,,P_018,2025-12
project::P_018,action::94::the project team agreed to tak,ASSOCIATED_WITH,1.0,0.55,,P_018,2025-12
project::P_018,"action::95::furthermore, the revised proje",ASSOCIATED_WITH,1.0,0.55,,P_018,2025-12
project::P_018,"action::96::furthermore, the revised proje",ASSOCIATED_WITH,1.0,0.55,,P_018,2025-12
project::P_018,action::97::22 key issues raised and team,ASSOCIATED_WITH,1.0,0.55,,P_018,2025-12
project::P_018,action::98::the team clarified that a basi,ASSOCIATED_WITH,1.0,0.55,,P_018,2025-12
project::P_018,action::99::while efficiency measures may,ASSOCIATED_WITH,1.0,0.65,,P_018,2025-12
project::P_018,action::9::the capacity building componen,ASSOCIATED_WITH,1.0,0.55,,P_018,2025-12
project::P_018,claim::1::claims,ASSOCIATED_WITH,1.0,0.55,,P_018,2025-12
project::P_018,risk::10::supply chain,ASSOCIATED_WITH,1.0,0.55,,P_018,2025-12
project::P_018,risk::10::supply chain,ASSOCIATED_WITH,1.0,0.55,,P_018,2025-12
project::P_018,risk::11::procurement,ASSOCIATED_WITH,1.0,0.55,,P_018,2025-12
project::P_018,risk::11::procurement,ASSOCIATED_WITH,1.0,0.55,,P_018,2025-12
project::P_018,risk::11::procurement,ASSOCIATED_WITH,1.0,0.55,,P_018,2025-12
project::P_018,risk::11::procurement,ASSOCIATED_WITH,1.0,0.55,,P_018,2025-12
project::P_018,risk::11::procurement,ASSOCIATED_WITH,1.0,0.55,,P_018,2025-12
project::P_018,risk::11::procurement,ASSOCIATED_WITH,1.0,0.55,,P_018,2025-12
project::P_018,risk::11::procurement,ASSOCIATED_WITH,1.0,0.55,,P_018,2025-12
project::P_018,risk::11::procurement,ASSOCIATED_WITH,1.0,0.55,,P_018,2025-12
project::P_018,risk::11::procurement,ASSOCIATED_WITH,1.0,0.55,,P_018,2025-12
project::P_018,risk::11::procurement,ASSOCIATED_WITH,1.0,0.55,,P_018,2025-12
project::P_018,risk::11::procurement,ASSOCIATED_WITH,1.0,0.55,,P_018,2025-12
project::P_018,risk::11::procurement,ASSOCIATED_WITH,1.0,0.55,,P_018,2025-12
project::P_018,risk::11::procurement,ASSOCIATED_WITH,1.0,0.55,,P_018,2025-12
project::P_018,risk::11::procurement,ASSOCIATED_WITH,1.0,0.55,,P_018,2025-12
project::P_018,risk::12::bid,ASSOCIATED_WITH,1.0,0.55,,P_018,2025-12
project::P_018,risk::12::bid,ASSOCIATED_WITH,1.0,0.55,,P_018,2025-12
project::P_018,risk::12::bid,ASSOCIATED_WITH,1.0,0.55,,P_018,2025-12
project::P_018,risk::13::bidding,ASSOCIATED_WITH,1.0,0.55,,P_018,2025-12
project::P_018,risk::13::bidding,ASSOCIATED_WITH,1.0,0.55,,P_018,2025-12
project::P_018,risk::13::bidding,ASSOCIATED_WITH,1.0,0.55,,P_018,2025-12
project::P_018,risk::14::contractor,ASSOCIATED_WITH,1.0,0.55,,P_018,2025-12
project::P_018,risk::14::contractor,ASSOCIATED_WITH,1.0,0.55,,P_018,2025-12
project::P_018,risk::14::contractor,ASSOCIATED_WITH,1.0,0.55,,P_018,2025-12
project::P_018,risk::14::contractor,ASSOCIATED_WITH,1.0,0.55,,P_018,2025-12
project::P_018,risk::15::safety,ASSOCIATED_WITH,1.0,0.55,,P_018,2025-12
project::P_018,risk::15::safety,ASSOCIATED_WITH,1.0,0.55,,P_018,2025-12
project::P_018,risk::16::implementing agency,ASSOCIATED_WITH,1.0,0.55,,P_018,2025-12
project::P_018,risk::16::implementing agency,ASSOCIATED_WITH,1.0,0.55,,P_018,2025-12
project::P_018,risk::16::implementing agency,ASSOCIATED_WITH,1.0,0.55,,P_018,2025-12
project::P_018,risk::16::implementing agency,ASSOCIATED_WITH,1.0,0.55,,P_018,2025-12
project::P_018,risk::16::implementing agency,ASSOCIATED_WITH,1.0,0.55,,P_018,2025-12
project::P_018,risk::17::disbursement,ASSOCIATED_WITH,1.0,0.55,,P_018,2025-12
project::P_018,risk::17::disbursement,ASSOCIATED_WITH,1.0,0.55,,P_018,2025-12
project::P_018,risk::17::disbursement,ASSOCIATED_WITH,1.0,0.55,,P_018,2025-12
project::P_018,risk::18::supplier,ASSOCIATED_WITH,1.0,0.55,,P_018,2025-12
project::P_018,risk::19::resettlement,ASSOCIATED_WITH,1.0,0.55,,P_018,2025-12
project::P_018,risk::19::resettlement,ASSOCIATED_WITH,1.0,0.55,,P_018,2025-12
project::P_018,risk::1::security,ASSOCIATED_WITH,1.0,0.55,,P_018,2025-12
project::P_018,risk::1::security,ASSOCIATED_WITH,1.0,0.55,,P_018,2025-12
project::P_018,risk::2::financing,ASSOCIATED_WITH,1.0,0.55,,P_018,2025-12
project::P_018,risk::2::financing,ASSOCIATED_WITH,1.0,0.55,,P_018,2025-12
project::P_018,risk::2::financing,ASSOCIATED_WITH,1.0,0.55,,P_018,2025-12
project::P_018,risk::2::financing,ASSOCIATED_WITH,1.0,0.55,,P_018,2025-12
project::P_018,risk::2::financing,ASSOCIATED_WITH,1.0,0.55,,P_018,2025-12
project::P_018,risk::2::financing,ASSOCIATED_WITH,1.0,0.55,,P_018,2025-12
project::P_018,risk::2::financing,ASSOCIATED_WITH,1.0,0.55,,P_018,2025-12
project::P_018,risk::2::financing,ASSOCIATED_WITH,1.0,0.55,,P_018,2025-12
project::P_018,risk::2::financing,ASSOCIATED_WITH,1.0,0.55,,P_018,2025-12
project::P_018,risk::2::financing,ASSOCIATED_WITH,1.0,0.55,,P_018,2025-12
project::P_018,risk::2::financing,ASSOCIATED_WITH,1.0,0.55,,P_018,2025-12
project::P_018,risk::2::financing,ASSOCIATED_WITH,1.0,0.55,,P_018,2025-12
project::P_018,risk::2::financing,ASSOCIATED_WITH,1.0,0.55,,P_018,2025-12
project::P_018,risk::2::financing,ASSOCIATED_WITH,1.0,0.55,,P_018,2025-12
project::P_018,risk::3::capacity,ASSOCIATED_WITH,1.0,0.55,,P_018,2025-12
project::P_018,risk::3::capacity,ASSOCIATED_WITH,1.0,0.55,,P_018,2025-12
project::P_018,risk::3::capacity,ASSOCIATED_WITH,1.0,0.55,,P_018,2025-12
project::P_018,risk::3::capacity,ASSOCIATED_WITH,1.0,0.55,,P_018,2025-12
project::P_018,risk::3::capacity,ASSOCIATED_WITH,1.0,0.55,,P_018,2025-12
project::P_018,risk::3::capacity,ASSOCIATED_WITH,1.0,0.55,,P_018,2025-12
project::P_018,risk::3::capacity,ASSOCIATED_WITH,1.0,0.55,,P_018,2025-12
project::P_018,risk::3::capacity,ASSOCIATED_WITH,1.0,0.55,,P_018,2025-12
project::P_018,risk::3::capacity,ASSOCIATED_WITH,1.0,0.55,,P_018,2025-12
project::P_018,risk::3::capacity,ASSOCIATED_WITH,1.0,0.55,,P_018,2025-12
project::P_018,risk::3::capacity,ASSOCIATED_WITH,1.0,0.55,,P_018,2025-12
project::P_018,risk::3::capacity,ASSOCIATED_WITH,1.0,0.65,,P_018,2025-12
project::P_018,risk::3::capacity,ASSOCIATED_WITH,1.0,0.55,,P_018,2025-12
project::P_018,risk::3::capacity,ASSOCIATED_WITH,1.0,0.55,,P_018,2025-12
project::P_018,risk::3::capacity,ASSOCIATED_WITH,1.0,0.55,,P_018,2025-12
project::P_018,risk::3::capacity,ASSOCIATED_WITH,1.0,0.55,,P_018,2025-12
project::P_018,risk::3::capacity,ASSOCIATED_WITH,1.0,0.55,,P_018,2025-12
project::P_018,risk::3::capacity,ASSOCIATED_WITH,1.0,0.55,,P_018,2025-12
project::P_018,risk::3::capacity,ASSOCIATED_WITH,1.0,0.55,,P_018,2025-12
project::P_018,risk::3::capacity,ASSOCIATED_WITH,1.0,0.55,,P_018,2025-12
project::P_018,risk::3::capacity,ASSOCIATED_WITH,1.0,0.55,,P_018,2025-12
project::P_018,risk::3::capacity,ASSOCIATED_WITH,1.0,0.55,,P_018,2025-12
project::P_018,risk::3::capacity,ASSOCIATED_WITH,1.0,0.55,,P_018,2025-12
project::P_018,risk::3::capacity,ASSOCIATED_WITH,1.0,0.55,,P_018,2025-12
project::P_018,risk::3::capacity,ASSOCIATED_WITH,1.0,0.55,,P_018,2025-12
project::P_018,risk::3::capacity,ASSOCIATED_WITH,1.0,0.55,,P_018,2025-12
project::P_018,risk::4::coordination,ASSOCIATED_WITH,1.0,0.55,,P_018,2025-12
project::P_018,risk::4::coordination,ASSOCIATED_WITH,1.0,0.55,,P_018,2025-12
project::P_018,risk::4::coordination,ASSOCIATED_WITH,1.0,0.65,,P_018,2025-12
project::P_018,risk::4::coordination,ASSOCIATED_WITH,1.0,0.55,,P_018,2025-12
project::P_018,risk::4::coordination,ASSOCIATED_WITH,1.0,0.55,,P_018,2025-12
project::P_018,risk::4::coordination,ASSOCIATED_WITH,1.0,0.55,,P_018,2025-12
project::P_018,risk::5::shipment,ASSOCIATED_WITH,1.0,0.55,,P_018,2025-12
project::P_018,risk::6::quality,ASSOCIATED_WITH,1.0,0.55,,P_018,2025-12
project::P_018,risk::6::quality,ASSOCIATED_WITH,1.0,0.55,,P_018,2025-12
project::P_018,risk::6::quality,ASSOCIATED_WITH,1.0,0.55,,P_018,2025-12
project::P_018,risk::6::quality,ASSOCIATED_WITH,1.0,0.55,,P_018,2025-12
project::P_018,risk::7::institutional,ASSOCIATED_WITH,1.0,0.55,,P_018,2025-12
project::P_018,risk::7::institutional,ASSOCIATED_WITH,1.0,0.55,,P_018,2025-12
project::P_018,risk::7::institutional,ASSOCIATED_WITH,1.0,0.55,,P_018,2025-12
project::P_018,risk::7::institutional,ASSOCIATED_WITH,1.0,0.65,,P_018,2025-12
project::P_018,risk::7::institutional,ASSOCIATED_WITH,1.0,0.55,,P_018,2025-12
project::P_018,risk::7::institutional,ASSOCIATED_WITH,1.0,0.55,,P_018,2025-12
project::P_018,risk::8::environmental,ASSOCIATED_WITH,1.0,0.55,,P_018,2025-12
project::P_018,risk::8::environmental,ASSOCIATED_WITH,1.0,0.55,,P_018,2025-12
project::P_018,risk::8::environmental,ASSOCIATED_WITH,1.0,0.55,,P_018,2025-12
project::P_018,risk::8::environmental,ASSOCIATED_WITH,1.0,0.55,,P_018,2025-12
project::P_018,risk::8::environmental,ASSOCIATED_WITH,1.0,0.55,,P_018,2025-12
project::P_018,risk::8::environmental,ASSOCIATED_WITH,1.0,0.55,,P_018,2025-12
project::P_018,risk::8::environmental,ASSOCIATED_WITH,1.0,0.55,,P_018,2025-12
project::P_018,risk::8::environmental,ASSOCIATED_WITH,1.0,0.55,,P_018,2025-12
project::P_018,risk::8::environmental,ASSOCIATED_WITH,1.0,0.55,,P_018,2025-12
project::P_018,risk::8::environmental,ASSOCIATED_WITH,1.0,0.55,,P_018,2025-12
project::P_018,risk::8::environmental,ASSOCIATED_WITH,1.0,0.55,,P_018,2025-12
project::P_018,risk::8::environmental,ASSOCIATED_WITH,1.0,0.55,,P_018,2025-12
project::P_018,risk::8::environmental,ASSOCIATED_WITH,1.0,0.55,,P_018,2025-12
project::P_018,risk::8::environmental,ASSOCIATED_WITH,1.0,0.55,,P_018,2025-12
project::P_018,risk::8::environmental,ASSOCIATED_WITH,1.0,0.55,,P_018,2025-12
project::P_018,risk::8::environmental,ASSOCIATED_WITH,1.0,0.55,,P_018,2025-12
project::P_018,risk::8::environmental,ASSOCIATED_WITH,1.0,0.55,,P_018,2025-12
project::P_018,risk::8::environmental,ASSOCIATED_WITH,1.0,0.55,,P_018,2025-12
project::P_018,risk::9::capacity constraints,ASSOCIATED_WITH,1.0,0.55,,P_018,2025-12
project::P_018,risk::9::capacity constraints,ASSOCIATED_WITH,1.0,0.55,,P_018,2025-12
risk::10::supply chain,risk::2::financing,CO_OCCURS,0.3,0.55,ev::4e3c53d3bbac0592768defd13b8eabb339f532e6::4e3c53d3bbac0592768defd13b8eabb339f532e6_11::535469611,P_018,2025-12
risk::10::supply chain,risk::3::capacity,CO_OCCURS,0.3,0.55,ev::4e3c53d3bbac0592768defd13b8eabb339f532e6::4e3c53d3bbac0592768defd13b8eabb339f532e6_11::535469611,P_018,2025-12
risk::11::procurement,risk::16::implementing agency,CO_OCCURS,0.3,0.55,ev::4e3c53d3bbac0592768defd13b8eabb339f532e6::4e3c53d3bbac0592768defd13b8eabb339f532e6_22::724635381,P_018,2025-12
risk::11::procurement,risk::17::disbursement,CO_OCCURS,0.3,0.55,ev::4e3c53d3bbac0592768defd13b8eabb339f532e6::4e3c53d3bbac0592768defd13b8eabb339f532e6_41::983859650,P_018,2025-12
risk::11::procurement,risk::3::capacity,CO_OCCURS,0.3,0.55,ev::4e3c53d3bbac0592768defd13b8eabb339f532e6::4e3c53d3bbac0592768defd13b8eabb339f532e6_13::682427241,P_018,2025-12
risk::11::procurement,risk::3::capacity,CO_OCCURS,0.3,0.55,ev::4e3c53d3bbac0592768defd13b8eabb339f532e6::4e3c53d3bbac0592768defd13b8eabb339f532e6_43::234444534,P_018,2025-12
risk::11::procurement,risk::8::environmental,CO_OCCURS,0.3,0.55,ev::4e3c53d3bbac0592768defd13b8eabb339f532e6::4e3c53d3bbac0592768defd13b8eabb339f532e6_22::373465996,P_018,2025-12
risk::11::procurement,risk::8::environmental,CO_OCCURS,0.3,0.55,ev::4e3c53d3bbac0592768defd13b8eabb339f532e6::4e3c53d3bbac0592768defd13b8eabb339f532e6_26::563532532,P_018,2025-12
risk::11::procurement,risk::8::environmental,CO_OCCURS,0.3,0.55,ev::4e3c53d3bbac0592768defd13b8eabb339f532e6::4e3c53d3bbac0592768defd13b8eabb339f532e6_41::983859650,P_018,2025-12
risk::12::bid,risk::3::capacity,CO_OCCURS,0.3,0.55,ev::4e3c53d3bbac0592768defd13b8eabb339f532e6::4e3c53d3bbac0592768defd13b8eabb339f532e6_13::821059877,P_018,2025-12
risk::13::bidding,risk::14::contractor,CO_OCCURS,0.3,0.55,ev::4e3c53d3bbac0592768defd13b8eabb339f532e6::4e3c53d3bbac0592768defd13b8eabb339f532e6_13::431798894,P_018,2025-12
risk::14::contractor,risk::13::bidding,CO_OCCURS,0.3,0.55,ev::4e3c53d3bbac0592768defd13b8eabb339f532e6::4e3c53d3bbac0592768defd13b8eabb339f532e6_13::431798894,P_018,2025-12
risk::14::contractor,risk::8::environmental,CO_OCCURS,0.3,0.55,ev::4e3c53d3bbac0592768defd13b8eabb339f532e6::4e3c53d3bbac0592768defd13b8eabb339f532e6_25::236876180,P_018,2025-12
risk::14::contractor,risk::8::environmental,CO_OCCURS,0.3,0.55,ev::4e3c53d3bbac0592768defd13b8eabb339f532e6::4e3c53d3bbac0592768defd13b8eabb339f532e6_26::236876180,P_018,2025-12
risk::16::implementing agency,risk::11::procurement,CO_OCCURS,0.3,0.55,ev::4e3c53d3bbac0592768defd13b8eabb339f532e6::4e3c53d3bbac0592768defd13b8eabb339f532e6_22::724635381,P_018,2025-12
risk::17::disbursement,risk::11::procurement,CO_OCCURS,0.3,0.55,ev::4e3c53d3bbac0592768defd13b8eabb339f532e6::4e3c53d3bbac0592768defd13b8eabb339f532e6_41::983859650,P_018,2025-12
risk::17::disbursement,risk::8::environmental,CO_OCCURS,0.3,0.55,ev::4e3c53d3bbac0592768defd13b8eabb339f532e6::4e3c53d3bbac0592768defd13b8eabb339f532e6_41::983859650,P_018,2025-12
risk::2::financing,risk::10::supply chain,CO_OCCURS,0.3,0.55,ev::4e3c53d3bbac0592768defd13b8eabb339f532e6::4e3c53d3bbac0592768defd13b8eabb339f532e6_11::535469611,P_018,2025-12
risk::2::financing,risk::3::capacity,CO_OCCURS,1.0,0.55,ev::4e3c53d3bbac0592768defd13b8eabb339f532e6::4e3c53d3bbac0592768defd13b8eabb339f532e6_8::52421537,P_018,2025-12
risk::2::financing,risk::3::capacity,CO_OCCURS,0.3,0.55,ev::4e3c53d3bbac0592768defd13b8eabb339f532e6::4e3c53d3bbac0592768defd13b8eabb339f532e6_11::535469611,P_018,2025-12
risk::3::capacity,risk::10::supply chain,CO_OCCURS,0.3,0.55,ev::4e3c53d3bbac0592768defd13b8eabb339f532e6::4e3c53d3bbac0592768defd13b8eabb339f532e6_11::535469611,P_018,2025-12
risk::3::capacity,risk::11::procurement,CO_OCCURS,0.3,0.55,ev::4e3c53d3bbac0592768defd13b8eabb339f532e6::4e3c53d3bbac0592768defd13b8eabb339f532e6_13::682427241,P_018,2025-12
risk::3::capacity,risk::11::procurement,CO_OCCURS,0.3,0.55,ev::4e3c53d3bbac0592768defd13b8eabb339f532e6::4e3c53d3bbac0592768defd13b8eabb339f532e6_43::234444534,P_018,2025-12
risk::3::capacity,risk::12::bid,CO_OCCURS,0.3,0.55,ev::4e3c53d3bbac0592768defd13b8eabb339f532e6::4e3c53d3bbac0592768defd13b8eabb339f532e6_13::821059877,P_018,2025-12
risk::3::capacity,risk::2::financing,CO_OCCURS,1.0,0.55,ev::4e3c53d3bbac0592768defd13b8eabb339f532e6::4e3c53d3bbac0592768defd13b8eabb339f532e6_8::52421537,P_018,2025-12
risk::3::capacity,risk::2::financing,CO_OCCURS,0.3,0.55,ev::4e3c53d3bbac0592768defd13b8eabb339f532e6::4e3c53d3bbac0592768defd13b8eabb339f532e6_11::535469611,P_018,2025-12
risk::3::capacity,risk::9::capacity constraints,CO_OCCURS,0.3,0.55,ev::4e3c53d3bbac0592768defd13b8eabb339f532e6::4e3c53d3bbac0592768defd13b8eabb339f532e6_8::16593283,P_018,2025-12
risk::3::capacity,risk::9::capacity constraints,CO_OCCURS,0.3,0.55,ev::4e3c53d3bbac0592768defd13b8eabb339f532e6::4e3c53d3bbac0592768defd13b8eabb339f532e6_34::320431698,P_018,2025-12
risk::4::coordination,risk::6::quality,CO_OCCURS,0.3,0.55,ev::4e3c53d3bbac0592768defd13b8eabb339f532e6::4e3c53d3bbac0592768defd13b8eabb339f532e6_26::293142908,P_018,2025-12
risk::5::shipment,risk::6::quality,CO_OCCURS,1.0,0.55,ev::4e3c53d3bbac0592768defd13b8eabb339f532e6::4e3c53d3bbac0592768defd13b8eabb339f532e6_3::680556520,P_018,2025-12
risk::6::quality,risk::4::coordination,CO_OCCURS,0.3,0.55,ev::4e3c53d3bbac0592768defd13b8eabb339f532e6::4e3c53d3bbac0592768defd13b8eabb339f532e6_26::293142908,P_018,2025-12
risk::6::quality,risk::5::shipment,CO_OCCURS,1.0,0.55,ev::4e3c53d3bbac0592768defd13b8eabb339f532e6::4e3c53d3bbac0592768defd13b8eabb339f532e6_3::680556520,P_018,2025-12
risk::7::institutional,risk::8::environmental,CO_OCCURS,0.3,0.55,ev::4e3c53d3bbac0592768defd13b8eabb339f532e6::4e3c53d3bbac0592768defd13b8eabb339f532e6_4::834246723,P_018,2025-12
risk::7::institutional,risk::8::environmental,CO_OCCURS,0.3,0.55,ev::4e3c53d3bbac0592768defd13b8eabb339f532e6::4e3c53d3bbac0592768defd13b8eabb339f532e6_5::552061226,P_018,2025-12
risk::8::environmental,risk::11::procurement,CO_OCCURS,0.3,0.55,ev::4e3c53d3bbac0592768defd13b8eabb339f532e6::4e3c53d3bbac0592768defd13b8eabb339f532e6_22::373465996,P_018,2025-12
risk::8::environmental,risk::11::procurement,CO_OCCURS,0.3,0.55,ev::4e3c53d3bbac0592768defd13b8eabb339f532e6::4e3c53d3bbac0592768defd13b8eabb339f532e6_26::563532532,P_018,2025-12
risk::8::environmental,risk::11::procurement,CO_OCCURS,0.3,0.55,ev::4e3c53d3bbac0592768defd13b8eabb339f532e6::4e3c53d3bbac0592768defd13b8eabb339f532e6_41::983859650,P_018,2025-12
risk::8::environmental,risk::14::contractor,CO_OCCURS,0.3,0.55,ev::4e3c53d3bbac0592768defd13b8eabb339f532e6::4e3c53d3bbac0592768defd13b8eabb339f532e6_25::236876180,P_018,2025-12
risk::8::environmental,risk::14::contractor,CO_OCCURS,0.3,0.55,ev::4e3c53d3bbac0592768defd13b8eabb339f532e6::4e3c53d3bbac0592768defd13b8eabb339f532e6_26::236876180,P_018,2025-12
risk::8::environmental,risk::17::disbursement,CO_OCCURS,0.3,0.55,ev::4e3c53d3bbac0592768defd13b8eabb339f532e6::4e3c53d3bbac0592768defd13b8eabb339f532e6_41::983859650,P_018,2025-12
risk::8::environmental,risk::7::institutional,CO_OCCURS,0.3,0.55,ev::4e3c53d3bbac0592768defd13b8eabb339f532e6::4e3c53d3bbac0592768defd13b8eabb339f532e6_4::834246723,P_018,2025-12
risk::8::environmental,risk::7::institutional,CO_OCCURS,0.3,0.55,ev::4e3c53d3bbac0592768defd13b8eabb339f532e6::4e3c53d3bbac0592768defd13b8eabb339f532e6_5::552061226,P_018,2025-12
risk::9::capacity constraints,risk::3::capacity,CO_OCCURS,0.3,0.55,ev::4e3c53d3bbac0592768defd13b8eabb339f532e6::4e3c53d3bbac0592768defd13b8eabb339f532e6_8::16593283,P_018,2025-12
risk::9::capacity constraints,risk::3::capacity,CO_OCCURS,0.3,0.55,ev::4e3c53d3bbac0592768defd13b8eabb339f532e6::4e3c53d3bbac0592768defd13b8eabb339f532e6_34::320431698,P_018,2025-12
risk::11::procurement,risk::11::procurement,INCREASES_COST_SIGNAL,1.0,0.5,ev::4e3c53d3bbac0592768defd13b8eabb339f532e6::4e3c53d3bbac0592768defd13b8eabb339f532e6_46::722045327,P_018,2025-12
risk::15::safety,risk::15::safety,INCREASES_COST_SIGNAL,1.0,0.5,ev::4e3c53d3bbac0592768defd13b8eabb339f532e6::4e3c53d3bbac0592768defd13b8eabb339f532e6_13::574195218,P_018,2025-12
risk::16::implementing agency,risk::16::implementing agency,INCREASES_COST_SIGNAL,1.0,0.5,ev::4e3c53d3bbac0592768defd13b8eabb339f532e6::4e3c53d3bbac0592768defd13b8eabb339f532e6_46::439862010,P_018,2025-12
risk::2::financing,risk::2::financing,INCREASES_COST_SIGNAL,1.0,0.5,ev::4e3c53d3bbac0592768defd13b8eabb339f532e6::4e3c53d3bbac0592768defd13b8eabb339f532e6_2::640598093,P_018,2025-12
risk::2::financing,risk::2::financing,INCREASES_COST_SIGNAL,1.0,0.5,ev::4e3c53d3bbac0592768defd13b8eabb339f532e6::4e3c53d3bbac0592768defd13b8eabb339f532e6_8::52421537,P_018,2025-12
risk::2::financing,risk::2::financing,INCREASES_COST_SIGNAL,1.0,0.5,ev::4e3c53d3bbac0592768defd13b8eabb339f532e6::4e3c53d3bbac0592768defd13b8eabb339f532e6_17::151561988,P_018,2025-12
risk::2::financing,risk::2::financing,INCREASES_COST_SIGNAL,1.0,0.5,ev::4e3c53d3bbac0592768defd13b8eabb339f532e6::4e3c53d3bbac0592768defd13b8eabb339f532e6_21::623471643,P_018,2025-12
risk::2::financing,risk::2::financing,INCREASES_COST_SIGNAL,1.0,0.5,ev::4e3c53d3bbac0592768defd13b8eabb339f532e6::4e3c53d3bbac0592768defd13b8eabb339f532e6_24::759921527,P_018,2025-12
risk::3::capacity,risk::3::capacity,INCREASES_COST_SIGNAL,1.0,0.5,ev::4e3c53d3bbac0592768defd13b8eabb339f532e6::4e3c53d3bbac0592768defd13b8eabb339f532e6_8::52421537,P_018,2025-12
risk::3::capacity,risk::3::capacity,INCREASES_COST_SIGNAL,1.0,0.5,ev::4e3c53d3bbac0592768defd13b8eabb339f532e6::4e3c53d3bbac0592768defd13b8eabb339f532e6_31::739833556,P_018,2025-12
risk::3::capacity,risk::3::capacity,INCREASES_COST_SIGNAL,1.0,0.5,ev::4e3c53d3bbac0592768defd13b8eabb339f532e6::4e3c53d3bbac0592768defd13b8eabb339f532e6_52::722206489,P_018,2025-12
risk::5::shipment,risk::5::shipment,INCREASES_COST_SIGNAL,1.0,0.5,ev::4e3c53d3bbac0592768defd13b8eabb339f532e6::4e3c53d3bbac0592768defd13b8eabb339f532e6_3::680556520,P_018,2025-12
risk::6::quality,risk::6::quality,INCREASES_COST_SIGNAL,1.0,0.5,ev::4e3c53d3bbac0592768defd13b8eabb339f532e6::4e3c53d3bbac0592768defd13b8eabb339f532e6_3::680556520,P_018,2025-12
risk::7::institutional,risk::7::institutional,INCREASES_COST_SIGNAL,1.0,0.5,ev::4e3c53d3bbac0592768defd13b8eabb339f532e6::4e3c53d3bbac0592768defd13b8eabb339f532e6_11::586598872,P_018,2025-12
risk::8::environmental,risk::8::environmental,INCREASES_COST_SIGNAL,1.0,0.5,ev::4e3c53d3bbac0592768defd13b8eabb339f532e6::4e3c53d3bbac0592768defd13b8eabb339f532e6_37::627196387,P_018,2025-12
"action::103::also, end-use efficiency optio",risk::10::supply chain,MITIGATES,0.6,0.55,ev::4e3c53d3bbac0592768defd13b8eabb339f532e6::4e3c53d3bbac0592768defd13b8eabb339f532e6_37::188901297,P_018,2025-12
action::111::subsequent investment will dep,risk::2::financing,MITIGATES,0.6,0.55,ev::4e3c53d3bbac0592768defd13b8eabb339f532e6::4e3c53d3bbac0592768defd13b8eabb339f532e6_39::703814924,P_018,2025-12
action::112::it was agreed that this will b,risk::3::capacity,MITIGATES,0.6,0.55,ev::4e3c53d3bbac0592768defd13b8eabb339f532e6::4e3c53d3bbac0592768defd13b8eabb339f532e6_39::908144464,P_018,2025-12
action::113::this process of learning by do,risk::3::capacity,MITIGATES,0.6,0.55,ev::4e3c53d3bbac0592768defd13b8eabb339f532e6::4e3c53d3bbac0592768defd13b8eabb339f532e6_39::135195552,P_018,2025-12
action::115::24 (iv) longer term sustainabi,risk::2::financing,MITIGATES,0.6,0.55,ev::4e3c53d3bbac0592768defd13b8eabb339f532e6::4e3c53d3bbac0592768defd13b8eabb339f532e6_40::510418677,P_018,2025-12
action::118::the current program of reform,risk::11::procurement,MITIGATES,0.6,0.55,ev::4e3c53d3bbac0592768defd13b8eabb339f532e6::4e3c53d3bbac0592768defd13b8eabb339f532e6_40::197080435,P_018,2025-12
action::118::the current program of reform,risk::11::procurement,MITIGATES,0.6,0.55,ev::4e3c53d3bbac0592768defd13b8eabb339f532e6::4e3c53d3bbac0592768defd13b8eabb339f532e6_41::197080435,P_018,2025-12
action::122::it will include documentation,risk::11::procurement,MITIGATES,0.6,0.55,ev::4e3c53d3bbac0592768defd13b8eabb339f532e6::4e3c53d3bbac0592768defd13b8eabb339f532e6_41::983859650,P_018,2025-12
action::122::it will include documentation,risk::17::disbursement,MITIGATES,0.6,0.55,ev::4e3c53d3bbac0592768defd13b8eabb339f532e6::4e3c53d3bbac0592768defd13b8eabb339f532e6_41::983859650,P_018,2025-12
action::122::it will include documentation,risk::8::environmental,MITIGATES,0.6,0.55,ev::4e3c53d3bbac0592768defd13b8eabb339f532e6::4e3c53d3bbac0592768defd13b8eabb339f532e6_41::983859650,P_018,2025-12
action::126::a procurement capacity and ris,risk::11::procurement,MITIGATES,0.6,0.55,ev::4e3c53d3bbac0592768defd13b8eabb339f532e6::4e3c53d3bbac0592768defd13b8eabb339f532e6_43::234444534,P_018,2025-12
action::126::a procurement capacity and ris,risk::3::capacity,MITIGATES,0.6,0.55,ev::4e3c53d3bbac0592768defd13b8eabb339f532e6::4e3c53d3bbac0592768defd13b8eabb339f532e6_43::234444534,P_018,2025-12
action::127::it has been agreed with mfed t,risk::11::procurement,MITIGATES,0.6,0.55,ev::4e3c53d3bbac0592768defd13b8eabb339f532e6::4e3c53d3bbac0592768defd13b8eabb339f532e6_43::326096208,P_018,2025-12
action::128::the mfed cfu will have a full-,risk::11::procurement,MITIGATES,0.6,0.55,ev::4e3c53d3bbac0592768defd13b8eabb339f532e6::4e3c53d3bbac0592768defd13b8eabb339f532e6_43::980154118,P_018,2025-12
action::129::the key procurement activity u,risk::11::procurement,MITIGATES,0.6,0.55,ev::4e3c53d3bbac0592768defd13b8eabb339f532e6::4e3c53d3bbac0592768defd13b8eabb339f532e6_43::379870964,P_018,2025-12
"action::12::tions, please ensure that the",risk::7::institutional,MITIGATES,0.6,0.55,ev::4e3c53d3bbac0592768defd13b8eabb339f532e6::4e3c53d3bbac0592768defd13b8eabb339f532e6_5::552061226,P_018,2025-12
"action::12::tions, please ensure that the",risk::8::environmental,MITIGATES,0.6,0.55,ev::4e3c53d3bbac0592768defd13b8eabb339f532e6::4e3c53d3bbac0592768defd13b8eabb339f532e6_5::552061226,P_018,2025-12
action::130::the bank’s standard bidding do,risk::13::bidding,MITIGATES,0.6,0.55,ev::4e3c53d3bbac0592768defd13b8eabb339f532e6::4e3c53d3bbac0592768defd13b8eabb339f532e6_43::538934066,P_018,2025-12
action::131::pub’s project support team (ps,risk::11::procurement,MITIGATES,0.6,0.55,ev::4e3c53d3bbac0592768defd13b8eabb339f532e6::4e3c53d3bbac0592768defd13b8eabb339f532e6_43::337911540,P_018,2025-12
action::131::pub’s project support team (ps,risk::11::procurement,MITIGATES,0.6,0.55,ev::4e3c53d3bbac0592768defd13b8eabb339f532e6::4e3c53d3bbac0592768defd13b8eabb339f532e6_44::337911540,P_018,2025-12
"action::132::specifically, the employer’s e",risk::13::bidding,MITIGATES,0.6,0.55,ev::4e3c53d3bbac0592768defd13b8eabb339f532e6::4e3c53d3bbac0592768defd13b8eabb339f532e6_44::949175841,P_018,2025-12
action::133::the procurement- related risk,risk::11::procurement,MITIGATES,0.6,0.55,ev::4e3c53d3bbac0592768defd13b8eabb339f532e6::4e3c53d3bbac0592768defd13b8eabb339f532e6_44::957828522,P_018,2025-12
action::135::to mitigate the risk of non-co,risk::11::procurement,MITIGATES,0.6,0.55,ev::4e3c53d3bbac0592768defd13b8eabb339f532e6::4e3c53d3bbac0592768defd13b8eabb339f532e6_44::637551331,P_018,2025-12
action::140::as the project is only $3.92mi,risk::3::capacity,MITIGATES,0.6,0.55,ev::4e3c53d3bbac0592768defd13b8eabb339f532e6::4e3c53d3bbac0592768defd13b8eabb339f532e6_45::911017003,P_018,2025-12
action::141::ward and while the limited fm,risk::3::capacity,MITIGATES,0.6,0.55,ev::4e3c53d3bbac0592768defd13b8eabb339f532e6::4e3c53d3bbac0592768defd13b8eabb339f532e6_46::738934208,P_018,2025-12
action::145::the budget will be for mulated,risk::16::implementing agency,MITIGATES,0.6,0.55,ev::4e3c53d3bbac0592768defd13b8eabb339f532e6::4e3c53d3bbac0592768defd13b8eabb339f532e6_46::439862010,P_018,2025-12
action::147::kiribati public utilities boar,risk::3::capacity,MITIGATES,0.6,0.55,ev::4e3c53d3bbac0592768defd13b8eabb339f532e6::4e3c53d3bbac0592768defd13b8eabb339f532e6_46::791426636,P_018,2025-12
action::15::the challenge is to help to si,risk::3::capacity,MITIGATES,0.6,0.55,ev::4e3c53d3bbac0592768defd13b8eabb339f532e6::4e3c53d3bbac0592768defd13b8eabb339f532e6_8::280628127,P_018,2025-12
action::15::the challenge is to help to si,risk::3::capacity,MITIGATES,0.6,0.55,ev::4e3c53d3bbac0592768defd13b8eabb339f532e6::4e3c53d3bbac0592768defd13b8eabb339f532e6_35::421632258,P_018,2025-12
action::16::how the project seeks to addre,risk::3::capacity,MITIGATES,0.6,0.55,ev::4e3c53d3bbac0592768defd13b8eabb339f532e6::4e3c53d3bbac0592768defd13b8eabb339f532e6_8::16593283,P_018,2025-12
action::16::how the project seeks to addre,risk::9::capacity constraints,MITIGATES,0.6,0.55,ev::4e3c53d3bbac0592768defd13b8eabb339f532e6::4e3c53d3bbac0592768defd13b8eabb339f532e6_8::16593283,P_018,2025-12
"action::171::the project will use advance,",risk::17::disbursement,MITIGATES,0.6,0.55,ev::4e3c53d3bbac0592768defd13b8eabb339f532e6::4e3c53d3bbac0592768defd13b8eabb339f532e6_48::542560998,P_018,2025-12
"action::171::the project will use advance,",risk::17::disbursement,MITIGATES,0.6,0.55,ev::4e3c53d3bbac0592768defd13b8eabb339f532e6::4e3c53d3bbac0592768defd13b8eabb339f532e6_49::542560998,P_018,2025-12
action::174::direct payments will require t,risk::18::supplier,MITIGATES,0.6,0.55,ev::4e3c53d3bbac0592768defd13b8eabb339f532e6::4e3c53d3bbac0592768defd13b8eabb339f532e6_49::685998115,P_018,2025-12
action::177::the project will have 1 disbur,risk::17::disbursement,MITIGATES,0.6,0.55,ev::4e3c53d3bbac0592768defd13b8eabb339f532e6::4e3c53d3bbac0592768defd13b8eabb339f532e6_49::791925477,P_018,2025-12
action::17::agement in the electricity sec,risk::3::capacity,MITIGATES,0.6,0.55,ev::4e3c53d3bbac0592768defd13b8eabb339f532e6::4e3c53d3bbac0592768defd13b8eabb339f532e6_9::357846932,P_018,2025-12
action::182::the emp not only includes typi,risk::15::safety,MITIGATES,0.6,0.55,ev::4e3c53d3bbac0592768defd13b8eabb339f532e6::4e3c53d3bbac0592768defd13b8eabb339f532e6_50::143035680,P_018,2025-12
action::184::a project supervision engineer,risk::8::environmental,MITIGATES,0.6,0.55,ev::4e3c53d3bbac0592768defd13b8eabb339f532e6::4e3c53d3bbac0592768defd13b8eabb339f532e6_51::586328069,P_018,2025-12
action::189::op 4.12 involuntary resettleme,risk::19::resettlement,MITIGATES,0.6,0.55,ev::4e3c53d3bbac0592768defd13b8eabb339f532e6::4e3c53d3bbac0592768defd13b8eabb339f532e6_51::9667352,P_018,2025-12
action::190::settlement is not triggered as,risk::19::resettlement,MITIGATES,0.6,0.55,ev::4e3c53d3bbac0592768defd13b8eabb339f532e6::4e3c53d3bbac0592768defd13b8eabb339f532e6_52::624553255,P_018,2025-12
action::192::financial implications of any,risk::14::contractor,MITIGATES,0.6,0.55,ev::4e3c53d3bbac0592768defd13b8eabb339f532e6::4e3c53d3bbac0592768defd13b8eabb339f532e6_52::399602443,P_018,2025-12
action::22::the initial 516 kw proposed ca,risk::10::supply chain,MITIGATES,0.6,0.55,ev::4e3c53d3bbac0592768defd13b8eabb339f532e6::4e3c53d3bbac0592768defd13b8eabb339f532e6_11::535469611,P_018,2025-12
action::22::the initial 516 kw proposed ca,risk::2::financing,MITIGATES,0.6,0.55,ev::4e3c53d3bbac0592768defd13b8eabb339f532e6::4e3c53d3bbac0592768defd13b8eabb339f532e6_11::535469611,P_018,2025-12
action::22::the initial 516 kw proposed ca,risk::3::capacity,MITIGATES,0.6,0.55,ev::4e3c53d3bbac0592768defd13b8eabb339f532e6::4e3c53d3bbac0592768defd13b8eabb339f532e6_11::535469611,P_018,2025-12
action::23::in addition the project will h,risk::7::institutional,MITIGATES,0.6,0.55,ev::4e3c53d3bbac0592768defd13b8eabb339f532e6::4e3c53d3bbac0592768defd13b8eabb339f532e6_11::586598872,P_018,2025-12
"action::28::for procurement purposes, the",risk::11::procurement,MITIGATES,0.6,0.55,ev::4e3c53d3bbac0592768defd13b8eabb339f532e6::4e3c53d3bbac0592768defd13b8eabb339f532e6_12::615604970,P_018,2025-12
"action::29::for procurement purposes, the",risk::11::procurement,MITIGATES,0.6,0.55,ev::4e3c53d3bbac0592768defd13b8eabb339f532e6::4e3c53d3bbac0592768defd13b8eabb339f532e6_13::682427241,P_018,2025-12
"action::29::for procurement purposes, the",risk::3::capacity,MITIGATES,0.6,0.55,ev::4e3c53d3bbac0592768defd13b8eabb339f532e6::4e3c53d3bbac0592768defd13b8eabb339f532e6_13::682427241,P_018,2025-12
action::30::the consultants will also prep,risk::12::bid,MITIGATES,0.6,0.55,ev::4e3c53d3bbac0592768defd13b8eabb339f532e6::4e3c53d3bbac0592768defd13b8eabb339f532e6_13::821059877,P_018,2025-12
action::30::the consultants will also prep,risk::3::capacity,MITIGATES,0.6,0.55,ev::4e3c53d3bbac0592768defd13b8eabb339f532e6::4e3c53d3bbac0592768defd13b8eabb339f532e6_13::821059877,P_018,2025-12
action::31::training and capacity building,risk::3::capacity,MITIGATES,0.6,0.55,ev::4e3c53d3bbac0592768defd13b8eabb339f532e6::4e3c53d3bbac0592768defd13b8eabb339f532e6_14::224132662,P_018,2025-12
action::32::project components: the projec,risk::3::capacity,MITIGATES,0.6,0.55,ev::4e3c53d3bbac0592768defd13b8eabb339f532e6::4e3c53d3bbac0592768defd13b8eabb339f532e6_14::156671271,P_018,2025-12
action::33::expected global environmental,risk::8::environmental,MITIGATES,0.6,0.55,ev::4e3c53d3bbac0592768defd13b8eabb339f532e6::4e3c53d3bbac0592768defd13b8eabb339f532e6_15::981710684,P_018,2025-12
"action::39::specifically, this project wil",risk::2::financing,MITIGATES,0.6,0.55,ev::4e3c53d3bbac0592768defd13b8eabb339f532e6::4e3c53d3bbac0592768defd13b8eabb339f532e6_17::151561988,P_018,2025-12
action::3::describe the budgeted m &e pla,risk::3::capacity,MITIGATES,0.6,0.55,ev::4e3c53d3bbac0592768defd13b8eabb339f532e6::4e3c53d3bbac0592768defd13b8eabb339f532e6_4::291857559,P_018,2025-12
action::43::the bank’s capacity building p,risk::3::capacity,MITIGATES,0.6,0.55,ev::4e3c53d3bbac0592768defd13b8eabb339f532e6::4e3c53d3bbac0592768defd13b8eabb339f532e6_19::259830310,P_018,2025-12
action::44::ksec’s interaction with the ba,risk::12::bid,MITIGATES,0.6,0.55,ev::4e3c53d3bbac0592768defd13b8eabb339f532e6::4e3c53d3bbac0592768defd13b8eabb339f532e6_19::291975564,P_018,2025-12
"action::46::furthermore, and well beyond t",risk::3::capacity,MITIGATES,0.6,0.55,ev::4e3c53d3bbac0592768defd13b8eabb339f532e6::4e3c53d3bbac0592768defd13b8eabb339f532e6_20::200579584,P_018,2025-12
"action::50::in other words, the msp financ",risk::2::financing,MITIGATES,0.6,0.55,ev::4e3c53d3bbac0592768defd13b8eabb339f532e6::4e3c53d3bbac0592768defd13b8eabb339f532e6_21::623471643,P_018,2025-12
action::53::risk associated with operation,risk::3::capacity,MITIGATES,0.6,0.55,ev::4e3c53d3bbac0592768defd13b8eabb339f532e6::4e3c53d3bbac0592768defd13b8eabb339f532e6_22::841877493,P_018,2025-12
"action::58::in quant itative terms, consid",risk::2::financing,MITIGATES,0.6,0.55,ev::4e3c53d3bbac0592768defd13b8eabb339f532e6::4e3c53d3bbac0592768defd13b8eabb339f532e6_24::759921527,P_018,2025-12
action::59::institutional arrangement : th,risk::16::implementing agency,MITIGATES,0.6,0.55,ev::4e3c53d3bbac0592768defd13b8eabb339f532e6::4e3c53d3bbac0592768defd13b8eabb339f532e6_24::111403785,P_018,2025-12
action::60::the following legal agreements,risk::7::institutional,MITIGATES,0.6,0.55,ev::4e3c53d3bbac0592768defd13b8eabb339f532e6::4e3c53d3bbac0592768defd13b8eabb339f532e6_24::177757288,P_018,2025-12
action::61::a project operations manual wi,risk::4::coordination,MITIGATES,0.6,0.55,ev::4e3c53d3bbac0592768defd13b8eabb339f532e6::4e3c53d3bbac0592768defd13b8eabb339f532e6_24::666831440,P_018,2025-12
action::62::the legal agreements will requ,risk::8::environmental,MITIGATES,0.6,0.55,ev::4e3c53d3bbac0592768defd13b8eabb339f532e6::4e3c53d3bbac0592768defd13b8eabb339f532e6_24::185067384,P_018,2025-12
action::62::the legal agreements will requ,risk::8::environmental,MITIGATES,0.6,0.55,ev::4e3c53d3bbac0592768defd13b8eabb339f532e6::4e3c53d3bbac0592768defd13b8eabb339f532e6_25::185067384,P_018,2025-12
action::65::the central fiduciary unit (cf,risk::11::procurement,MITIGATES,0.6,0.55,ev::4e3c53d3bbac0592768defd13b8eabb339f532e6::4e3c53d3bbac0592768defd13b8eabb339f532e6_25::391419146,P_018,2025-12
action::66::the project support team (pst),risk::11::procurement,MITIGATES,0.6,0.55,ev::4e3c53d3bbac0592768defd13b8eabb339f532e6::4e3c53d3bbac0592768defd13b8eabb339f532e6_25::934990859,P_018,2025-12
"action::68::the ministry of environment, l",risk::14::contractor,MITIGATES,0.6,0.55,ev::4e3c53d3bbac0592768defd13b8eabb339f532e6::4e3c53d3bbac0592768defd13b8eabb339f532e6_25::236876180,P_018,2025-12
"action::68::the ministry of environment, l",risk::14::contractor,MITIGATES,0.6,0.55,ev::4e3c53d3bbac0592768defd13b8eabb339f532e6::4e3c53d3bbac0592768defd13b8eabb339f532e6_26::236876180,P_018,2025-12
"action::68::the ministry of environment, l",risk::8::environmental,MITIGATES,0.6,0.55,ev::4e3c53d3bbac0592768defd13b8eabb339f532e6::4e3c53d3bbac0592768defd13b8eabb339f532e6_25::236876180,P_018,2025-12
"action::68::the ministry of environment, l",risk::8::environmental,MITIGATES,0.6,0.55,ev::4e3c53d3bbac0592768defd13b8eabb339f532e6::4e3c53d3bbac0592768defd13b8eabb339f532e6_26::236876180,P_018,2025-12
action::69::the pst will include a suitabl,risk::11::procurement,MITIGATES,0.6,0.55,ev::4e3c53d3bbac0592768defd13b8eabb339f532e6::4e3c53d3bbac0592768defd13b8eabb339f532e6_26::563532532,P_018,2025-12
action::69::the pst will include a suitabl,risk::8::environmental,MITIGATES,0.6,0.55,ev::4e3c53d3bbac0592768defd13b8eabb339f532e6::4e3c53d3bbac0592768defd13b8eabb339f532e6_26::563532532,P_018,2025-12
action::71::the pst will be accountable to,risk::4::coordination,MITIGATES,0.6,0.55,ev::4e3c53d3bbac0592768defd13b8eabb339f532e6::4e3c53d3bbac0592768defd13b8eabb339f532e6_26::293142908,P_018,2025-12
action::71::the pst will be accountable to,risk::6::quality,MITIGATES,0.6,0.55,ev::4e3c53d3bbac0592768defd13b8eabb339f532e6::4e3c53d3bbac0592768defd13b8eabb339f532e6_26::293142908,P_018,2025-12
action::72::the overall oversight and coor,risk::4::coordination,MITIGATES,0.6,0.55,ev::4e3c53d3bbac0592768defd13b8eabb339f532e6::4e3c53d3bbac0592768defd13b8eabb339f532e6_26::124358752,P_018,2025-12
action::73::the implementing agency (pub),risk::16::implementing agency,MITIGATES,0.6,0.55,ev::4e3c53d3bbac0592768defd13b8eabb339f532e6::4e3c53d3bbac0592768defd13b8eabb339f532e6_26::339308732,P_018,2025-12
action::79::the pub/energy unit/mpwu need,risk::3::capacity,MITIGATES,0.6,0.55,ev::4e3c53d3bbac0592768defd13b8eabb339f532e6::4e3c53d3bbac0592768defd13b8eabb339f532e6_29::737932053,P_018,2025-12
action::83::training plan to “build” local,risk::3::capacity,MITIGATES,0.6,0.55,ev::4e3c53d3bbac0592768defd13b8eabb339f532e6::4e3c53d3bbac0592768defd13b8eabb339f532e6_31::704193646,P_018,2025-12
action::83::training plan to “build” local,risk::3::capacity,MITIGATES,0.6,0.55,ev::4e3c53d3bbac0592768defd13b8eabb339f532e6::4e3c53d3bbac0592768defd13b8eabb339f532e6_32::704193646,P_018,2025-12
action::90::this will ensure adequate loca,risk::3::capacity,MITIGATES,0.6,0.55,ev::4e3c53d3bbac0592768defd13b8eabb339f532e6::4e3c53d3bbac0592768defd13b8eabb339f532e6_33::621848016,P_018,2025-12
action::91::this will ensure adequate loca,risk::3::capacity,MITIGATES,0.6,0.55,ev::4e3c53d3bbac0592768defd13b8eabb339f532e6::4e3c53d3bbac0592768defd13b8eabb339f532e6_34::431865170,P_018,2025-12
action::92::the issues associated with the,risk::8::environmental,MITIGATES,0.6,0.55,ev::4e3c53d3bbac0592768defd13b8eabb339f532e6::4e3c53d3bbac0592768defd13b8eabb339f532e6_34::894611225,P_018,2025-12
action::93::ct in the electricity sector;,risk::3::capacity,MITIGATES,0.6,0.55,ev::4e3c53d3bbac0592768defd13b8eabb339f532e6::4e3c53d3bbac0592768defd13b8eabb339f532e6_35::94654726,P_018,2025-12
"action::96::furthermore, the revised proje",risk::3::capacity,MITIGATES,0.6,0.55,ev::4e3c53d3bbac0592768defd13b8eabb339f532e6::4e3c53d3bbac0592768defd13b8eabb339f532e6_36::445009615,P_018,2025-12
action::9::the capacity building componen,risk::3::capacity,MITIGATES,0.6,0.55,ev::4e3c53d3bbac0592768defd13b8eabb339f532e6::4e3c53d3bbac0592768defd13b8eabb339f532e6_4::505747757,P_018,2025-12
